"fixed acidity";"volatile acidity";"citric acid";"residual sugar";"chlorides";"free sulfur dioxide";"total sulfur dioxide";"density";"pH";"sulphates";"alcohol";"quality"
9.1;0.27;0.45;10.6;0.035;28;124;0.997;3.2;0.46;10.4;9
6.3;0.41;0.18;3.5;0.027;23;109;0.99018;3.34;0.54;12.8;8
7;0.32;0.31;6.4;0.031;38;115;0.99235;3.38;0.58;12.2;7
7.3;0.3;0.33;2.3;0.043;28;125;0.99084;3.34;0.44;12.6;7
6.6;0.22;0.28;12.05;0.058;25;125;0.99856;3.45;0.45;9.4;5
6;0.26;0.18;7;0.055;50;194;0.99591;3.21;0.43;9;5
6.9;0.44;0.18;11.8;0.051;26;126;0.9975;3.23;0.48;9.1;5
7.5;0.42;0.2;1.4;0.06;15;168;0.9944;3.06;0.4;9.4;6
7;0.36;0.3;5;0.04;40;143;0.99173;3.33;0.42;12.2;7
5.6;0.295;0.2;2.2;0.049;18;134;0.99378;3.21;0.68;10;5
6.8;0.21;0.55;14.6;0.053;34;159;0.99805;2.93;0.44;9.2;5
9.4;0.28;0.3;1.6;0.045;36;139;0.99534;3.11;0.49;9.3;5
8.1;0.28;0.34;1.3;0.035;11;126;0.99232;3.14;0.5;9.8;6
6.8;0.21;0.55;14.6;0.053;34;159;0.99805;2.93;0.44;9.2;5
7;0.22;0.26;2.8;0.036;44;132;0.99078;3.34;0.41;12;7
9.4;0.28;0.3;1.6;0.045;36;139;0.99534;3.11;0.49;9.3;5
6.8;0.32;0.3;3.3;0.029;15;80;0.99061;3.33;0.63;12.6;7
7;0.19;0.33;6.3;0.032;42;127;0.99182;3.31;0.38;12.2;6
7.7;0.42;0.38;8.1;0.061;49;144;0.9966;3.4;0.58;11;6
7.4;0.2;0.31;1.6;0.038;34;116;0.9912;3.25;0.39;12;7
7.5;0.24;0.62;10.6;0.045;51;153;0.99779;3.16;0.44;8.8;5
7.5;0.26;0.59;11.8;0.046;58;164;0.99814;3.17;0.46;8.9;4
6.6;0.4;0.32;1.7;0.035;39;84;0.99096;3.59;0.48;12.7;7
8;0.2;0.3;8.1;0.037;42;130;0.99379;3.1;0.67;11.8;6
4.6;0.445;0;1.4;0.053;11;178;0.99426;3.79;0.55;10.2;5
6.1;0.41;0.04;1.3;0.036;23;121;0.99228;3.24;0.61;9.9;6
7.6;0.2;0.34;1.8;0.041;42;148;0.99335;3.35;0.66;11.1;6
6.9;0.3;0.21;7.2;0.045;54;190;0.99595;3.22;0.48;9.4;5
7;0.35;0.17;1.1;0.049;7;119;0.99297;3.13;0.36;9.7;6
6.9;0.35;0.55;11.95;0.038;22;111;0.99687;3.11;0.29;9.7;5
7;0.35;0.17;1.1;0.049;7;119;0.99297;3.13;0.36;9.7;6
6.9;0.35;0.55;11.95;0.038;22;111;0.99687;3.11;0.29;9.7;5
7.6;0.3;0.4;2.2;0.054;29;175;0.99445;3.19;0.53;9.8;5
7.5;0.38;0.29;12.7;0.05;25;209;0.9986;3.25;0.59;9.3;6
7.5;0.3;0.32;1.4;0.032;31;161;0.99154;2.95;0.42;10.5;5
6.3;0.4;0.32;10.6;0.049;38;209;0.9981;3.47;0.59;9.3;6
6.8;0.37;0.28;1.9;0.024;64;106;0.98993;3.45;0.6;12.6;8
7.5;0.23;0.35;17.8;0.058;128;212;1.00241;3.44;0.43;8.9;5
8.3;0.27;0.34;10.2;0.048;50;118;0.99716;3.18;0.51;10.3;5
6.8;0.26;0.22;4.8;0.041;110;198;0.99437;3.29;0.67;10.6;5
6.5;0.28;0.35;9.8;0.067;61;180;0.9972;3.15;0.57;9;4
7.2;0.34;0.3;8.4;0.051;40;167;0.99756;3.48;0.62;9.7;5
7;0.23;0.26;7.2;0.041;21;90;0.99509;3.22;0.55;9.5;6
7.7;0.29;0.29;4.8;0.06;27;156;0.99572;3.49;0.59;10.3;6
7.2;0.34;0.3;8.4;0.051;40;167;0.99756;3.48;0.62;9.7;5
7.7;0.4;0.27;4.5;0.034;27;95;0.99175;3.21;0.59;12.3;8
6.7;0.17;0.27;1.4;0.032;39;149;0.99254;3.4;0.52;10.5;5
7;0.23;0.26;7.2;0.041;21;90;0.99509;3.22;0.55;9.5;6
8.1;0.24;0.26;11;0.043;41;211;0.99676;3.11;0.49;10;6
7.7;0.28;0.63;11.1;0.039;58;179;0.9979;3.08;0.44;8.8;4
7.5;0.23;0.29;2.6;0.031;24;98;0.99194;3;0.54;10.9;6
8.3;0.26;0.31;2;0.029;14;141;0.99077;2.95;0.77;12.2;6
7.9;0.46;0.4;10.1;0.168;19;184;0.99782;3.06;0.62;9.5;5
7.9;0.31;0.22;13.3;0.048;46;212;0.99942;3.47;0.59;10;5
7.9;0.25;0.34;11.4;0.04;53;202;0.99708;3.11;0.57;9.6;6
6.1;0.28;0.16;1.3;0.06;36;126;0.99353;3.13;0.46;8.7;6
7;0.18;0.26;1.4;0.044;46;89;0.99256;3.39;0.48;10.7;7
6.5;0.21;0.28;1.4;0.046;26;66;0.99199;3.43;0.48;11.1;6
7.6;0.48;0.33;7;0.024;14;130;0.9918;3.25;0.45;12.5;7
7.1;0.34;0.32;2;0.051;29;130;0.99354;3.3;0.5;10.4;6
8.9;0.21;0.37;1.2;0.028;20;93;0.99244;3.2;0.37;11.5;5
7.4;0.32;0.27;12.9;0.04;60;221;0.99831;3.05;0.66;9.4;5
6;0.495;0.27;5;0.157;17;129;0.99396;3.03;0.36;9.3;5
8.1;0.25;0.34;10.1;0.05;30;121;0.99724;3.17;0.49;10.1;6
8.2;0.25;0.46;3.75;0.05;14;102;0.99524;3.28;0.58;9.7;5
6.5;0.18;0.29;1.7;0.035;39;144;0.9927;3.49;0.5;10.5;6
6.7;0.24;0.26;12.6;0.053;44;182;0.99802;3.42;0.42;9.7;5
6.6;0.32;0.24;1.3;0.06;42.5;204;0.99512;3.59;0.51;9.2;5
7.6;0.32;0.35;1.6;0.092;24;138;0.99438;3.19;0.44;9.8;5
7.4;0.33;0.44;7.6;0.05;40;227;0.99679;3.12;0.52;9;5
7.2;0.3;0.3;8.1;0.05;40;188;0.99652;3.15;0.49;9.1;6
7.4;0.34;0.3;14.9;0.037;70;169;0.99698;3.25;0.37;10.4;6
6.1;0.16;0.29;6;0.03;29;144;0.99474;3.68;0.46;10.7;6
6.3;0.1;0.24;6;0.039;25;107;0.99511;3.59;0.49;10.5;7
6.2;0.45;0.73;7.2;0.099;47;202;0.99582;3.21;0.43;9.2;5
6;0.33;0.18;3;0.036;5;85;0.99125;3.28;0.4;11.5;4
7.6;0.48;0.37;1.2;0.034;5;57;0.99256;3.05;0.54;10.4;3
7.2;0.2;0.3;2;0.039;43;188;0.9911;3.3;0.41;12;6
7;0.32;0.29;4.9;0.036;41;150;0.99168;3.38;0.43;12.2;6
7.2;0.2;0.3;2;0.039;43;188;0.9911;3.3;0.41;12;6
7;0.22;0.29;8.9;0.05;24;90;0.99556;3.29;0.46;9.8;6
9.4;0.23;0.56;16.45;0.063;52.5;282;1.00098;3.1;0.51;9.3;5
6.4;0.27;0.19;2;0.084;21;191;0.99516;3.49;0.63;9.6;4
6.4;0.27;0.19;1.9;0.085;21;196;0.99516;3.49;0.64;9.5;4
7;0.23;0.42;5.1;0.042;37;144;0.99518;3.5;0.59;10.2;6
6.9;0.15;0.28;4.4;0.029;14;107;0.99347;3.24;0.46;10.4;8
6.7;0.26;0.29;5.8;0.025;26;74;0.9929;3.28;0.53;11;6
6.9;0.15;0.28;4.4;0.029;14;107;0.99347;3.24;0.46;10.4;8
7.6;0.2;0.68;12.9;0.042;56;160;0.99841;3.05;0.41;8.7;5
6.9;0.3;0.29;1.3;0.053;24;189;0.99362;3.29;0.54;9.9;4
6.9;0.3;0.3;1.3;0.053;24;186;0.99361;3.29;0.54;9.9;4
7.6;0.21;0.35;1.2;0.041;7;106;0.9914;3.06;0.45;11.3;4
6.8;0.46;0.26;2.7;0.042;28;83;0.99114;3.38;0.51;12;8
7;0.28;0.26;1.7;0.042;34;130;0.9925;3.43;0.5;10.7;8
6.5;0.24;0.29;8.2;0.043;32;156;0.99453;3.13;0.7;10.1;6
6.4;0.17;0.34;1.5;0.091;42;135;0.9938;3.25;0.49;9.6;7
6.4;0.17;0.34;1.5;0.093;43;136;0.9938;3.25;0.49;9.6;6
6.3;0.695;0.55;12.9;0.056;58;252;0.99806;3.29;0.49;8.7;5
7;0.27;0.29;3.9;0.059;28;199;0.9961;3.54;0.59;10.3;5
8.4;0.3;0.25;17.75;0.047;25;218;1.00016;2.98;0.66;9.1;5
6.5;0.19;0.27;4.9;0.037;13;101;0.9916;3.17;0.41;11.8;6
8;0.36;0.39;1.6;0.024;26;93;0.99116;3.15;0.49;11.9;6
6.1;0.16;0.24;1.4;0.046;17;77;0.99319;3.66;0.57;10.3;6
9.2;0.19;0.42;2;0.047;16;104;0.99517;3.09;0.66;10;4
9.2;0.16;0.49;2;0.044;18;107;0.99514;3.1;0.53;10.2;4
8;0.26;0.28;8.2;0.038;72;202;0.99566;3.12;0.56;10;6
8.8;0.33;0.36;2.1;0.034;19;125;0.99166;2.96;0.98;12.7;6
9.8;0.16;0.46;1.8;0.046;23;130;0.99587;3.04;0.67;9.6;5
6.6;0.23;0.18;8.5;0.044;59;188;0.99558;3.16;0.49;9.5;5
7.9;0.44;0.26;4.45;0.033;23;100;0.99117;3.17;0.52;12.7;6
7.6;0.31;0.27;5.8;0.036;23;109;0.99399;3.34;0.54;11;6
7.5;0.705;0.1;13;0.044;44;214;0.99741;3.1;0.5;9.1;5
7.1;0.21;0.28;2.7;0.034;23;111;0.99405;3.35;0.64;10.2;4
7;0.16;0.26;7.3;0.047;30;220;0.99622;3.38;0.58;10.1;6
8;0.27;0.25;19.1;0.045;50;208;1.00051;3.05;0.5;9.2;6
6.3;0.38;0.17;8.8;0.08;50;212;0.99803;3.47;0.66;9.4;4
7.1;0.21;0.28;2.7;0.034;23;111;0.99405;3.35;0.64;10.2;4
6.2;0.38;0.18;7.4;0.095;28;195;0.99773;3.53;0.71;9.2;4
8.2;0.24;0.3;2.3;0.05;23;106;0.99397;2.98;0.5;10;5
7;0.16;0.26;6.85;0.047;30;220;0.99622;3.38;0.58;10.1;6
7.3;0.815;0.09;11.4;0.044;45;204;0.99713;3.15;0.46;9;5
6.3;0.41;0.16;0.9;0.032;25;98;0.99274;3.16;0.42;9.5;5
6.1;0.36;0.41;19.35;0.07;67;207;1.00118;3.39;0.53;9.1;5
8.1;0.4;0.32;7.9;0.031;23;118;0.99176;3.05;0.46;13.3;7
6.8;0.26;0.43;11.75;0.045;53;198;0.9969;3.26;0.55;9.5;5
6.2;0.44;0.18;7.7;0.096;28;210;0.99771;3.56;0.72;9.2;5
7.2;0.24;0.29;3;0.036;17;117;0.99411;3.36;0.68;10.1;6
6.2;0.44;0.18;7.7;0.096;28;210;0.99771;3.56;0.72;9.2;5
7.2;0.24;0.29;3;0.036;17;117;0.99411;3.36;0.68;10.1;6
7.3;0.22;0.26;1.5;0.04;32;172;0.99194;3.27;0.48;11.2;6
8.1;0.34;0.28;7.5;0.04;70;230;0.99558;3.14;0.55;9.8;6
7.3;0.22;0.26;1.5;0.04;32;172;0.99194;3.27;0.48;11.2;6
8.1;0.34;0.28;7.5;0.04;70;230;0.99558;3.14;0.55;9.8;6
6.4;0.28;0.17;8.3;0.042;61;195;0.99577;3.22;0.46;9.4;5
6.3;0.29;0.14;7.05;0.045;50;177;0.99564;3.23;0.42;9;5
6.4;0.27;0.17;8.4;0.044;60;198;0.99578;3.21;0.47;9.4;5
7.4;0.35;0.2;13.9;0.054;63;229;0.99888;3.11;0.5;8.9;6
8.3;0.28;0.27;17.5;0.045;48;253;1.00014;3.02;0.56;9.1;6
6.4;0.35;0.35;5.6;0.034;9;148;0.99441;3.17;0.5;9.8;4
6.9;0.43;0.28;9.4;0.056;29;183;0.99594;3.17;0.43;9.4;5
8;0.26;0.28;4.8;0.05;34;150;0.99437;3.13;0.5;10;6
6.9;0.43;0.28;9.4;0.056;29;183;0.99594;3.17;0.43;9.4;5
7.3;0.27;0.37;9.7;0.042;36;130;0.9979;3.48;0.75;9.9;6
6.8;0.46;0.26;6.3;0.147;49;159;0.99434;3.14;0.47;10;5
7.2;0.2;0.28;1.6;0.028;13;168;0.99203;3.17;1.06;11.5;6
7.6;0.285;0.32;14.6;0.063;32;201;0.998;3;0.45;9.2;5
6.6;0.32;0.33;2.5;0.052;40;219.5;0.99316;3.15;0.6;10;5
7.6;0.285;0.32;14.6;0.063;32;201;0.998;3;0.45;9.2;5
6.6;0.34;0.34;2.6;0.051;40.5;210;0.99314;3.15;0.61;10;5
6.6;0.32;0.33;2.5;0.052;40;210;0.99316;3.15;0.6;10;5
6.5;0.27;0.26;8.2;0.042;21;133;0.99612;3.43;0.64;9.8;6
6.6;0.26;0.27;1.5;0.04;19;114;0.99295;3.36;0.62;10.5;6
6.7;0.27;0.26;2.3;0.043;61;181;0.99394;3.45;0.63;10.6;6
6.6;0.56;0.15;10;0.037;38;157;0.99642;3.28;0.52;9.4;5
6.6;0.56;0.15;10;0.037;38;157;0.99642;3.28;0.52;9.4;5
7.3;0.19;0.27;1.6;0.027;35;136;0.99248;3.38;0.54;11;7
6.3;0.2;0.26;1.6;0.027;36;141;0.99268;3.53;0.56;10.8;6
7.1;0.29;0.3;16;0.036;58;201;0.99954;3.3;0.67;9;5
7.8;0.32;0.33;10.4;0.031;47;194;0.99692;3.07;0.58;9.6;6
8.1;0.33;0.36;7.4;0.037;36;156;0.99592;3.19;0.54;10.6;6
8.1;0.33;0.36;7.4;0.037;36;156;0.99592;3.19;0.54;10.6;6
7.8;0.32;0.33;10.4;0.031;47;194;0.99692;3.07;0.58;9.6;6
6.6;0.33;0.24;16.05;0.045;31;147;0.99822;3.08;0.52;9.2;5
6.6;0.33;0.24;16.05;0.045;31;147;0.99822;3.08;0.52;9.2;5
8.2;0.26;0.33;2.6;0.053;11;71;0.99402;2.89;0.49;9.5;5
8.3;0.25;0.33;2.5;0.053;12;72;0.99404;2.89;0.48;9.5;5
7;0.26;0.26;10.8;0.039;37;184;0.99787;3.47;0.58;10.3;7
6;0.26;0.15;1.2;0.053;35;124;0.99347;3.08;0.46;8.8;5
7.5;0.28;0.78;12.1;0.041;53;161;0.99838;2.98;0.44;8.7;5
7.5;0.27;0.79;11.95;0.04;51;159;0.99839;2.98;0.44;8.7;5
7;0.28;0.32;1.7;0.038;27;128;0.99375;3.2;0.62;10.2;6
5.2;0.16;0.34;0.8;0.029;26;77;0.99155;3.25;0.51;10.1;6
6.8;0.34;0.1;1.4;0.049;29;118;0.9936;3.21;0.41;9.5;5
7.6;0.25;0.34;1.3;0.056;34;176;0.99434;3.1;0.51;9.5;5
5.6;0.35;0.4;6.3;0.022;23;174;0.9922;3.54;0.5;11.6;7
8.8;0.24;0.23;10.3;0.032;12;97;0.99571;3.13;0.4;10.7;6
6;0.29;0.21;15.55;0.043;20;142;0.99658;3.11;0.54;10.1;6
6.1;0.27;0.31;1.5;0.035;17;83;0.99076;3.32;0.44;11.1;7
7.4;0.56;0.09;1.5;0.071;19;117;0.99496;3.22;0.53;9.8;5
6.8;0.29;0.49;1.4;0.142;52;148;0.9937;3.08;0.49;9;6
6.1;0.27;0.31;1.5;0.035;17;83;0.99076;3.32;0.44;11.1;7
6.3;0.27;0.37;7.9;0.047;58;215;0.99542;3.19;0.48;9.5;6
6.6;0.24;0.3;13;0.052;18;143;0.99825;3.37;0.49;9.4;6
6.8;0.32;0.3;1;0.049;22;113;0.99289;3.24;0.61;10.2;5
6.4;0.37;0.37;4.85;0.041;39.5;216.5;0.99432;3.1;0.5;9.8;6
6.2;0.26;0.37;7.1;0.047;54;201;0.99523;3.19;0.48;9.5;6
6.3;0.27;0.37;7.9;0.047;58;215;0.99542;3.19;0.48;9.5;6
6.4;0.3;0.16;7.5;0.05;55;191;0.9959;3.17;0.49;9;5
8;0.28;0.32;7.6;0.045;61;204;0.99543;3.1;0.55;10.1;6
6.7;0.24;0.32;10.3;0.079;37;122;0.99662;3.02;0.45;8.8;5
7.9;0.27;0.27;1.7;0.034;25;122;0.99088;2.97;0.51;11.9;6
7.9;0.27;0.27;1.7;0.034;25;122;0.99088;2.97;0.51;11.9;6
6.1;0.28;0.24;19.95;0.074;32;174;0.99922;3.19;0.44;9.3;6
7.7;0.39;0.49;7.7;0.036;11;110;0.9966;3.33;0.76;10;6
6;0.2;0.24;5.3;0.075;49;201;0.99466;3.21;0.43;9.5;5
6.1;0.28;0.24;19.95;0.074;32;174;0.99922;3.19;0.44;9.3;6
7.6;0.31;0.23;12.7;0.054;20;139;0.99836;3.16;0.5;9.7;4
7.6;0.31;0.23;12.7;0.054;20;139;0.99836;3.16;0.5;9.7;4
6.3;0.18;0.22;1.5;0.043;45;155;0.99238;3.19;0.48;10.2;5
8.6;0.23;0.25;11.3;0.031;13;96;0.99645;3.11;0.4;10.8;5
6.8;0.21;0.36;18.1;0.046;32;133;1;3.27;0.48;8.8;5
6.8;0.21;0.36;18.1;0.046;32;133;1;3.27;0.48;8.8;5
6.9;0.26;0.31;7;0.039;37;175;0.99376;3.32;0.49;11.4;6
6.8;0.21;0.36;18.1;0.046;32;133;1;3.27;0.48;8.8;5
6.4;0.31;0.4;6.4;0.039;39;191;0.99513;3.14;0.52;9.8;5
8.6;0.34;0.36;1.4;0.045;11;119;0.99556;3.17;0.47;9.4;4
8.6;0.34;0.36;1.4;0.045;11;119;0.99556;3.17;0.47;9.4;4
8.5;0.3;0.28;3.1;0.054;54;174;0.99543;3.21;0.43;9.4;6
7.4;0.4;0.41;14.1;0.053;37;194;0.99886;3.2;0.63;9.4;6
6.6;0.32;0.34;7.7;0.044;63;212;0.99526;3.22;0.48;9.7;6
7.1;0.34;0.31;5.2;0.032;36;140;0.99166;3.35;0.47;12.3;7
6.6;0.26;0.25;11.6;0.045;45;178;0.99691;3.33;0.43;9.8;6
8;0.27;0.57;10.4;0.053;18;134;0.99732;3.12;0.68;9;5
6.2;0.28;0.45;7.5;0.045;46;203;0.99573;3.26;0.46;9.2;6
6.2;0.3;0.49;11.2;0.058;68;215;0.99656;3.19;0.6;9.4;6
5.6;0.175;0.29;0.8;0.043;20;67;0.99112;3.28;0.48;9.9;6
6.9;0.34;0.36;1.4;0.032;13;145;0.99214;3.07;0.52;9.8;5
6.9;0.34;0.3;4.7;0.029;34;148;0.99165;3.36;0.49;12.3;7
7.1;0.12;0.3;3.1;0.018;15;37;0.99004;3.02;0.52;11.9;7
7.1;0.32;0.29;4;0.038;33;170;0.99463;3.27;0.64;10.2;6
7.3;0.51;0.29;11.3;0.034;61;224;0.99683;3.14;0.56;9.5;6
7.1;0.12;0.3;3.1;0.018;15;37;0.99004;3.02;0.52;11.9;7
6.3;0.24;0.55;8.1;0.04;67;216;0.99596;3.24;0.5;9.2;5
7.5;0.41;0.23;14.8;0.054;28;174;0.99898;3.18;0.49;9.7;5
6.5;0.18;0.33;1.4;0.029;35;138;0.99114;3.36;0.6;11.5;7
7.3;0.17;0.24;8.1;0.121;32;162;0.99508;3.17;0.38;10.4;8
8.2;0.2;0.38;3.5;0.053;41;174;0.99306;3.22;0.41;11.6;5
7.5;0.41;0.23;14.8;0.054;28;174;0.99898;3.18;0.49;9.7;5
7.3;0.17;0.24;8.1;0.121;32;162;0.99508;3.17;0.38;10.4;8
6.5;0.18;0.33;1.4;0.029;35;138;0.99114;3.36;0.6;11.5;7
7.3;0.16;0.35;1.5;0.036;29;108;0.99342;3.27;0.51;10.2;6
6.4;0.16;0.37;1.5;0.037;27;109;0.99345;3.38;0.5;9.8;6
6.6;0.42;0.13;12.8;0.044;26;158;0.99772;3.24;0.47;9;5
5.8;0.3;0.12;1.6;0.036;57;163;0.99239;3.38;0.59;10.5;6
6.7;0.54;0.27;7.1;0.049;8;178;0.99502;3.16;0.38;9.4;4
6.7;0.54;0.27;7.1;0.049;8;178;0.99502;3.16;0.38;9.4;4
6.4;0.22;0.3;11.2;0.046;53;149;0.99479;3.21;0.34;10.8;5
6.8;0.23;0.3;1.7;0.043;19;95;0.99207;3.17;0.46;10.7;7
9;0.26;0.34;6.7;0.029;21;162;0.99497;3.08;0.5;10.6;6
6.5;0.23;0.25;17.3;0.046;15;110;0.99828;3.15;0.42;9.2;6
5.9;0.28;0.14;8.6;0.032;30;142;0.99542;3.28;0.44;9.5;6
5.9;0.28;0.14;8.6;0.032;30;142;0.99542;3.28;0.44;9.5;6
6.2;0.27;0.18;1.5;0.028;20;111;0.99228;3.41;0.5;10;5
9;0.29;0.34;12.1;0.03;34;177;0.99706;3.13;0.47;10.6;5
9;0.26;0.34;6.7;0.029;21;162;0.99497;3.08;0.5;10.6;6
8.9;0.27;0.34;10.7;0.029;19.5;166;0.99669;3.13;0.48;10.6;5
6.5;0.23;0.25;17.3;0.046;15;110;0.99828;3.15;0.42;9.2;6
6.9;0.32;0.3;1.8;0.036;28;117;0.99269;3.24;0.48;11;6
7.2;0.22;0.24;1.4;0.041;17;159;0.99196;3.25;0.53;11.2;6
6.7;0.5;0.38;7.5;0.046;26;175;0.99662;3.32;0.54;9.6;5
6.2;0.33;0.14;4.8;0.052;27;128;0.99475;3.21;0.48;9.4;5
6.3;0.26;0.42;7.1;0.045;62;209;0.99544;3.2;0.53;9.5;6
7.5;0.2;0.47;16.9;0.052;51;188;0.99944;3.09;0.62;9.3;5
6.2;0.33;0.14;4.8;0.052;27;128;0.99475;3.21;0.48;9.4;5
6.3;0.26;0.42;7.1;0.045;62;209;0.99544;3.2;0.53;9.5;6
6.6;0.36;0.52;11.3;0.046;8;110;0.9966;3.07;0.46;9.4;5
6.3;0.13;0.42;1.1;0.043;63;146;0.99066;3.13;0.72;11.2;7
6.4;0.15;0.44;1.2;0.043;67;150;0.9907;3.14;0.73;11.2;7
6.3;0.13;0.42;1.1;0.043;63;146;0.99066;3.13;0.72;11.2;7
7.6;0.23;0.64;12.9;0.033;54;170;0.998;3;0.53;8.8;5
6.4;0.15;0.44;1.2;0.043;67;150;0.9907;3.14;0.73;11.2;7
6.3;0.13;0.42;1.1;0.043;63;146;0.99066;3.13;0.72;11.2;7
5.7;0.255;0.65;1.2;0.079;17;137;0.99307;3.2;0.42;9.4;5
6.9;0.32;0.26;2.3;0.03;11;103;0.99106;3.06;0.42;11.1;6
6.9;0.28;0.22;10;0.052;36;131;0.99696;3.08;0.46;9.6;5
6.9;0.32;0.26;2.3;0.03;11;103;0.99106;3.06;0.42;11.1;6
5.7;0.255;0.65;1.2;0.079;17;137;0.99307;3.2;0.42;9.4;5
6.6;0.41;0.16;1.4;0.037;28;160;0.99167;2.95;0.45;10.6;6
7.3;0.37;0.16;14.9;0.048;59;240;0.99902;3.13;0.45;8.9;5
6.9;0.21;0.24;1.8;0.021;17;80;0.98992;3.15;0.46;12.3;7
6.6;0.24;0.28;1.8;0.028;39;132;0.99182;3.34;0.46;11.4;5
6.8;0.28;0.36;7;0.043;60;207;0.99556;3.16;0.49;9.6;6
6.6;0.24;0.24;8.6;0.034;25;135;0.99582;3.33;0.59;10.3;6
6.6;0.24;0.28;1.8;0.028;39;132;0.99182;3.34;0.46;11.4;5
7;0.16;0.32;1.1;0.032;29;80;0.98972;3.23;0.36;12.1;6
7;0.14;0.28;1.3;0.026;10;56;0.99352;3.46;0.45;9.9;5
6.3;0.34;0.36;4.9;0.035;31;185;0.9946;3.15;0.49;9.7;5
6.8;0.26;0.24;1.9;0.043;70;154;0.99273;3.18;0.52;10.5;5
6.7;0.17;0.42;10.4;0.038;85;182;0.99628;3.04;0.44;8.9;6
6.5;0.27;0.4;10;0.039;74;227;0.99582;3.18;0.5;9.4;5
6.7;0.25;0.36;8.6;0.037;63;206;0.99553;3.18;0.5;9.6;5
5.8;0.3;0.27;1.7;0.014;45;104;0.98914;3.4;0.56;12.6;7
6.4;0.28;0.56;1.7;0.156;49;106;0.99354;3.1;0.37;9.2;6
7.7;0.3;0.26;18.95;0.053;36;174;0.99976;3.2;0.5;10.4;5
6.8;0.18;0.3;12.8;0.062;19;171;0.99808;3;0.52;9;7
6.8;0.18;0.3;12.8;0.062;19;171;0.99808;3;0.52;9;7
6.8;0.18;0.3;12.8;0.062;19;171;0.99808;3;0.52;9;7
6.8;0.18;0.3;12.8;0.062;19;171;0.99808;3;0.52;9;7
6.8;0.18;0.3;12.8;0.062;19;171;0.99808;3;0.52;9;7
6.8;0.18;0.3;12.8;0.062;19;171;0.99808;3;0.52;9;7
5.1;0.14;0.25;0.7;0.039;15;89;0.9919;3.22;0.43;9.2;6
6.8;0.18;0.3;12.8;0.062;19;171;0.99808;3;0.52;9;7
7.2;0.615;0.1;1.4;0.068;25;154;0.99499;3.2;0.48;9.7;4
6.9;0.13;0.28;13.3;0.05;47;132;0.99655;3.34;0.42;10.1;6
6.7;0.34;0.3;8.5;0.059;24;152;0.99615;3.46;0.64;11;7
7.3;0.32;0.29;1.5;0.038;32;144;0.99296;3.2;0.55;10.8;5
6.3;0.21;0.29;11.7;0.048;49;147;0.99482;3.22;0.38;10.8;5
5.4;0.5;0.13;5;0.028;12;107;0.99079;3.48;0.88;13.5;7
8.2;0.52;0.34;1.2;0.042;18;167;0.99366;3.24;0.39;10.6;5
7.8;0.28;0.31;2.1;0.046;28;208;0.99434;3.23;0.64;9.8;5
6.4;0.22;0.34;1.4;0.023;56;115;0.98958;3.18;0.7;11.7;6
7.8;0.28;0.31;2.1;0.046;28;208;0.99434;3.23;0.64;9.8;5
6.9;0.32;0.27;16;0.034;58;185;0.99938;3.34;0.6;9;6
6.8;0.11;0.42;1.1;0.042;51;132;0.99059;3.18;0.74;11.3;7
6.2;0.26;0.32;15.3;0.031;64;185;0.99835;3.31;0.61;9.4;5
6.4;0.22;0.34;1.4;0.023;56;115;0.98958;3.18;0.7;11.7;6
6.7;0.3;0.29;2.8;0.025;37;107;0.99159;3.31;0.63;11.3;7
6.7;0.3;0.29;2.8;0.025;37;107;0.99159;3.31;0.63;11.3;7
7.1;0.2;0.3;0.9;0.019;4;28;0.98931;3.2;0.36;12;6
7.2;0.2;0.36;2.5;0.028;22;157;0.9938;3.48;0.49;10.6;6
8.9;0.26;0.33;8.1;0.024;47;202;0.99558;3.13;0.46;10.8;6
7.5;0.25;0.32;8.2;0.024;53;209;0.99563;3.12;0.46;10.8;6
7.1;0.2;0.3;0.9;0.019;4;28;0.98931;3.2;0.36;12;6
6.3;0.27;0.46;11.1;0.053;44;177;0.99691;3.18;0.67;9.4;5
6.5;0.3;0.39;7.8;0.038;61;219;0.9959;3.19;0.5;9.4;5
6.7;0.3;0.29;2.8;0.025;37;107;0.99159;3.31;0.63;11.3;7
6.6;0.36;0.52;10.1;0.05;29;140;0.99628;3.07;0.4;9.4;5
6.15;0.21;0.37;3.2;0.021;20;80;0.99076;3.39;0.47;12;5
6.5;0.18;0.41;14.2;0.039;47;129;0.99678;3.28;0.72;10.3;7
6.5;0.18;0.41;14.2;0.039;47;129;0.99678;3.28;0.72;10.3;7
6.5;0.18;0.41;14.2;0.039;47;129;0.99678;3.28;0.72;10.3;7
6.6;0.26;0.21;2.9;0.026;48;126;0.99089;3.22;0.38;11.3;7
6.6;0.35;0.35;6;0.063;31;150;0.99537;3.1;0.47;9.4;6
6.5;0.28;0.28;20.4;0.041;40;144;1.0002;3.14;0.38;8.7;5
6.6;0.36;0.52;10.1;0.05;29;140;0.99628;3.07;0.4;9.4;5
6.6;0.26;0.21;2.9;0.026;48;126;0.99089;3.22;0.38;11.3;7
6.5;0.18;0.41;14.2;0.039;47;129;0.99678;3.28;0.72;10.3;7
6.15;0.21;0.37;3.2;0.021;20;80;0.99076;3.39;0.47;12;5
4.5;0.19;0.21;0.95;0.033;89;159;0.99332;3.34;0.42;8;5
8;0.24;0.26;1.7;0.033;36;136;0.99316;3.44;0.51;10.4;7
7.8;0.17;0.23;1.7;0.029;39;128;0.99272;3.37;0.41;10.7;7
7;0.24;0.24;9;0.03;42;219;0.99636;3.47;0.46;10.2;6
5.8;0.6;0;1.3;0.044;72;197;0.99202;3.56;0.43;10.9;5
5.9;0.445;0.26;1.4;0.027;23;109;0.99148;3.3;0.36;10.5;6
6.7;0.28;0.28;2.4;0.012;36;100;0.99064;3.26;0.39;11.7;7
6.8;0.44;0.2;16;0.065;61;186;0.99884;3.13;0.45;8.6;5
7.2;0.24;0.27;11.4;0.034;40;174;0.99773;3.2;0.44;9;5
8.7;0.31;0.73;14.35;0.044;27;191;1.00013;2.96;0.88;8.7;5
8.2;0.32;0.26;2.1;0.062;26;87;0.98974;3.1;0.47;12.8;6
7.2;0.24;0.27;11.4;0.034;40;174;0.99773;3.2;0.44;9;5
8.7;0.31;0.73;14.35;0.044;27;191;1.00013;2.96;0.88;8.7;5
7.5;0.13;0.38;1.1;0.023;42;104;0.99112;3.28;0.53;11.8;6
9.2;0.14;0.37;1.1;0.034;36;84;0.99136;3.05;0.55;11.6;6
7.4;0.2;0.37;1.2;0.028;28;89;0.99132;3.14;0.61;11.8;6
6.1;0.15;0.35;15.8;0.042;55;158;0.99642;3.24;0.37;10.6;5
7.6;0.23;0.4;5.2;0.066;14;91;0.99488;3.17;0.8;9.7;5
8.1;0.33;0.22;5.2;0.047;24;151;0.99527;3.22;0.47;10.3;5
7.15;0.17;0.24;9.6;0.119;56;178;0.99578;3.15;0.44;10.2;6
6.7;0.12;0.3;5.2;0.048;38;113;0.99352;3.33;0.44;10.1;7
5.7;0.18;0.36;1.2;0.046;9;71;0.99199;3.7;0.68;10.9;7
5.8;0.15;0.28;0.8;0.037;43;127;0.99198;3.24;0.51;9.3;5
6.6;0.23;0.29;14.45;0.057;29;144;0.99756;3.33;0.54;10.2;6
7.15;0.17;0.24;9.6;0.119;56;178;0.99578;3.15;0.44;10.2;6
7;0.34;0.39;6.9;0.066;43;162;0.99561;3.11;0.53;9.5;5
6.4;0.68;0.26;3.4;0.069;25;146;0.99347;3.18;0.4;9.3;5
7.3;0.22;0.31;2.3;0.018;45;80;0.98936;3.06;0.34;12.9;7
6.4;0.28;0.27;11;0.042;45;148;0.99786;3.14;0.46;8.7;5
6.9;0.4;0.22;5.95;0.081;76;303;0.99705;3.4;0.57;9.4;5
6.8;0.19;0.23;5.1;0.034;71;204;0.9942;3.23;0.69;10.1;5
7.1;0.23;0.24;5.4;0.039;60;196;0.9948;3.19;0.78;10;4
6.45;0.14;0.42;1.2;0.05;51;129;0.99116;3.27;0.69;11.1;7
6.5;0.15;0.44;12.6;0.052;65;158;0.99688;3.26;0.7;10.3;7
7.1;0.15;0.34;1;0.033;27;73;0.98974;3.24;0.41;12.2;6
6.7;0.33;0.34;6.6;0.067;35;156;0.99542;3.11;0.48;9.3;6
7.2;0.3;0.26;1.5;0.041;46;178;0.99154;3.19;0.56;11.3;6
7;0.23;0.33;1;0.043;46;110;0.99118;3.04;0.65;10.8;6
8;0.13;0.25;1.1;0.033;15;86;0.99044;2.98;0.39;11.2;8
6.2;0.21;0.34;6.6;0.03;36;91;0.9914;3.32;0.45;12.5;7
8.3;0.4;0.41;8.2;0.05;15;122;0.9979;3.39;0.49;9.3;5
5.9;0.34;0.31;2;0.03;38;142;0.98892;3.4;0.41;12.9;7
6.6;0.12;0.25;1.4;0.039;21;131;0.99114;3.2;0.45;11.2;7
9.6;0.655;0.21;2;0.039;21;120;0.99188;3;1;12.6;6
6.8;0.26;0.4;7.5;0.046;45;179;0.99583;3.2;0.49;9.3;5
5.9;0.34;0.31;2;0.03;38;142;0.98892;3.4;0.41;12.9;7
5.9;0.3;0.3;2;0.03;38;142;0.98892;3.41;0.41;12.9;7
7;0.15;0.3;13.3;0.049;46;120;0.99704;3.2;0.36;9.5;7
7.9;0.37;0.31;2.85;0.037;5;24;0.9911;3.19;0.36;11.9;6
7.2;0.35;0.25;5.6;0.032;23;120;0.99334;2.93;0.66;10.3;7
7.2;0.32;0.24;5.6;0.033;23;120;0.99334;2.92;0.66;10.3;7
7.6;0.1;0.33;1;0.031;33;93;0.99094;3.06;0.68;11.2;6
6.2;0.25;0.31;3.2;0.03;32;150;0.99014;3.18;0.31;12;6
7.1;0.31;0.17;1;0.042;21;144;0.99304;3.13;0.4;9.6;5
7.6;0.18;0.28;7.1;0.041;29;110;0.99652;3.2;0.42;9.2;6
8;0.17;0.29;2.4;0.029;52;119;0.98944;3.03;0.33;12.9;6
7.2;0.19;0.27;11.2;0.061;46;149;0.99772;2.99;0.59;9.3;6
7.6;0.32;0.25;9.5;0.03;15;136;0.99367;3.1;0.44;12.1;6
7.1;0.31;0.17;1;0.042;21;144;0.99304;3.13;0.4;9.6;5
6.6;0.21;0.29;1.8;0.026;35;128;0.99183;3.37;0.48;11.2;6
7;0.16;0.36;2.6;0.029;28;98;0.99126;3.11;0.37;11.2;7
8;0.17;0.29;2.4;0.029;52;119;0.98944;3.03;0.33;12.9;6
6.6;0.24;0.38;8;0.042;56;187;0.99577;3.21;0.46;9.2;5
7.2;0.19;0.27;11.2;0.061;46;149;0.99772;2.99;0.59;9.3;6
7.6;0.18;0.28;7.1;0.041;29;110;0.99652;3.2;0.42;9.2;6
6.9;0.3;0.25;3.3;0.041;26;124;0.99428;3.18;0.5;9.3;6
6.2;0.28;0.27;10.3;0.03;26;108;0.99388;3.2;0.36;10.7;6
6.9;0.31;0.32;1.2;0.024;20;166;0.99208;3.05;0.54;9.8;6
6.7;0.23;0.25;1.6;0.036;28;143;0.99256;3.3;0.54;10.3;6
6.2;0.28;0.27;10.3;0.03;26;108;0.99388;3.2;0.36;10.7;6
5.7;0.23;0.28;9.65;0.025;26;121;0.9925;3.28;0.38;11.3;6
6.5;0.22;0.5;16.4;0.048;36;182;0.99904;3.02;0.49;8.8;6
7;0.18;0.37;1.5;0.043;16;104;0.99216;3.18;0.5;10.8;5
6.9;0.31;0.32;1.2;0.024;20;166;0.99208;3.05;0.54;9.8;6
6.9;0.3;0.25;3.3;0.041;26;124;0.99428;3.18;0.5;9.3;6
6.5;0.46;0.31;5;0.027;15;72;0.99165;3.26;0.6;11.5;7
6.5;0.23;0.36;16.3;0.038;43;133;0.99924;3.26;0.41;8.8;5
6.5;0.23;0.36;16.3;0.038;43;133;0.99924;3.26;0.41;8.8;5
6.5;0.23;0.36;16.3;0.038;43;133;0.99924;3.26;0.41;8.8;5
6.6;0.26;0.38;6.5;0.17;68;201;0.9956;3.19;0.38;9.4;6
6.7;0.26;0.39;6.4;0.171;64;200;0.99562;3.19;0.38;9.4;6
7.5;0.28;0.39;10.2;0.045;59;209;0.9972;3.16;0.63;9.6;6
6.5;0.23;0.36;16.3;0.038;43;133;0.99924;3.26;0.41;8.8;5
6.8;0.23;0.42;7.4;0.044;56;189;0.9958;3.22;0.48;9.3;6
7.8;0.25;0.34;13.7;0.044;66;184;0.99976;3.22;0.75;8.9;5
7.8;0.25;0.34;13.7;0.044;66;184;0.99976;3.22;0.75;8.9;5
5.6;0.2;0.22;1.3;0.049;25;155;0.99296;3.74;0.43;10;5
6.4;0.21;0.44;7.4;0.045;47;182;0.9957;3.24;0.46;9.1;5
6.8;0.23;0.42;7.4;0.044;56;189;0.9958;3.22;0.48;9.3;6
6.8;0.24;0.37;7.45;0.043;59;188;0.99579;3.2;0.5;9.4;6
7.8;0.25;0.28;7.2;0.04;46;179;0.99541;3.14;0.6;10.1;6
7.8;0.25;0.34;13.7;0.044;66;184;0.99976;3.22;0.75;8.9;5
6.8;0.16;0.29;10.4;0.046;59;143;0.99518;3.2;0.4;10.8;6
5.2;0.28;0.29;1.1;0.028;18;69;0.99168;3.24;0.54;10;6
7.5;0.18;0.31;6.5;0.029;53;160;0.99276;3.03;0.38;10.9;6
7.5;0.26;0.3;4.6;0.027;29;92;0.99085;3.15;0.38;12;7
8.2;0.37;0.64;13.9;0.043;22;171;0.99873;2.99;0.8;9.3;5
7.6;0.4;0.27;5.2;0.03;32;101;0.99172;3.22;0.62;12.3;7
7.5;0.26;0.25;1.7;0.038;29;129;0.99312;3.45;0.56;10.4;6
7.5;0.18;0.31;6.5;0.029;53;160;0.99276;3.03;0.38;10.9;6
6.9;0.23;0.32;16.4;0.045;62;153;0.9972;3.22;0.42;10.5;5
5.3;0.2;0.31;3.6;0.036;22;91;0.99278;3.41;0.5;9.8;6
6.5;0.17;0.31;1.5;0.041;34;121;0.99092;3.06;0.46;10.5;6
6.5;0.35;0.28;12.4;0.051;86;213;0.9962;3.16;0.51;9.9;6
6.5;0.29;0.31;1.7;0.035;24;79;0.99053;3.27;0.69;11.4;7
6.8;0.3;0.22;6.2;0.06;41;190;0.99858;3.18;0.51;9.2;5
7.9;0.51;0.36;6.2;0.051;30;173;0.9984;3.09;0.53;9.7;5
7.9;0.51;0.34;2.6;0.049;13;135;0.99335;3.09;0.51;10;5
6.5;0.29;0.31;1.7;0.035;24;79;0.99053;3.27;0.69;11.4;7
7.1;0.29;0.28;9.3;0.048;50;141;0.9949;3.13;0.49;10.3;6
6.5;0.35;0.28;12.4;0.051;86;213;0.9962;3.16;0.51;9.9;6
6.5;0.17;0.31;1.5;0.041;34;121;0.99092;3.06;0.46;10.5;6
7.4;0.2;0.28;9.1;0.047;29;95;0.99532;3.16;0.47;9.8;7
6.9;0.615;0.42;12;0.067;24;131;0.99727;3.19;0.34;9.3;5
6.8;0.32;0.28;4.8;0.034;25;100;0.99026;3.08;0.47;12.4;7
6.3;0.2;0.19;12.3;0.048;54;145;0.99668;3.16;0.42;9.3;6
6.9;0.615;0.42;12;0.067;24;131;0.99727;3.19;0.34;9.3;5
8;0.23;0.28;2.7;0.048;49;165;0.9952;3.26;0.72;9.5;6
6.7;0.27;0.33;3.6;0.034;9;45;0.99144;3.08;0.4;10.5;6
6.7;0.27;0.33;3.6;0.034;9;45;0.99144;3.08;0.4;10.5;6
6.7;0.44;0.22;4.3;0.032;19;99;0.99015;3.26;0.53;12.8;7
7;0.34;0.3;1.8;0.045;44;142;0.9914;2.99;0.45;10.8;6
7.3;0.26;0.33;11.8;0.057;48;127;0.99693;3.1;0.55;10;6
5.8;0.17;0.34;1.8;0.045;96;170;0.99035;3.38;0.9;11.8;8
7.3;0.26;0.33;11.8;0.057;48;127;0.99693;3.1;0.55;10;6
5.8;0.17;0.34;1.8;0.045;96;170;0.99035;3.38;0.9;11.8;8
6.8;0.17;0.36;1.4;0.036;38;108;0.99006;3.19;0.66;12;6
7.1;0.43;0.3;6.6;0.025;15;138;0.99126;3.18;0.46;12.6;6
5.8;0.315;0.27;1.55;0.026;15;70;0.98994;3.37;0.4;11.9;8
5.9;0.17;0.28;0.7;0.027;5;28;0.98985;3.13;0.32;10.6;5
6.6;0.34;0.18;6.4;0.082;47;240;0.9971;3.42;0.48;9.2;5
8.6;0.33;0.34;11.8;0.059;42;240;0.99882;3.17;0.52;10;6
5.6;0.12;0.26;4.3;0.038;18;97;0.99477;3.36;0.46;9.2;5
5.8;0.13;0.26;5.1;0.039;19;103;0.99478;3.36;0.47;9.3;6
7.7;0.18;0.35;5.8;0.055;25;144;0.99576;3.24;0.54;10.2;6
7.7;0.16;0.36;5.9;0.054;25;148;0.99578;3.25;0.54;10.2;6
6;0.26;0.15;1.3;0.06;51;154;0.99354;3.14;0.51;8.7;5
7.3;0.32;0.35;1.4;0.05;8;163;0.99244;3.24;0.42;10.7;5
7.7;0.3;0.34;1.2;0.048;4;119;0.99084;3.18;0.34;12.1;6
7.9;0.16;0.3;7.4;0.05;58;152;0.99612;3.12;0.37;9.5;6
6.4;0.27;0.29;10.8;0.028;17;118;0.99356;3.18;0.37;11.2;6
6.9;0.16;0.37;1.8;0.034;36;95;0.98952;2.93;0.59;12;6
7.9;0.16;0.3;7.4;0.05;58;152;0.99612;3.12;0.37;9.5;6
7.7;0.3;0.34;1.2;0.048;4;119;0.99084;3.18;0.34;12.1;6
7.3;0.32;0.35;1.4;0.05;8;163;0.99244;3.24;0.42;10.7;5
6.4;0.44;0.44;14.4;0.048;29;228;0.99955;3.26;0.54;8.8;7
6.3;0.2;0.24;1.7;0.052;36;135;0.99374;3.8;0.66;10.8;6
6.2;0.29;0.32;3.6;0.026;39;138;0.9892;3.31;0.37;13.1;7
7.6;0.39;0.32;3.6;0.035;22;93;0.99144;3.08;0.6;12.5;7
7;0.36;0.32;10.05;0.045;37;131;0.99352;3.09;0.33;11.7;8
7;0.36;0.32;10.05;0.045;37;131;0.99352;3.09;0.33;11.7;8
7;0.36;0.32;10.5;0.045;35;135;0.9935;3.09;0.33;11.6;8
7.6;0.2;0.36;1.9;0.043;24;111;0.99237;3.29;0.54;11.3;6
7.6;0.39;0.32;3.6;0.035;22;93;0.99144;3.08;0.6;12.5;7
6.7;0.2;0.37;1.65;0.025;42;103;0.99022;3.11;0.45;11.4;5
6.2;0.235;0.34;1.9;0.036;4;117;0.99032;3.4;0.44;12.2;5
7.8;0.965;0.6;65.8;0.074;8;160;1.03898;3.39;0.69;11.7;6
7.1;0.2;0.31;6.85;0.053;32;211;0.99587;3.31;0.59;10.4;6
7.1;0.2;0.31;7.4;0.053;32;211;0.99587;3.31;0.59;10.4;6
7.1;0.2;0.31;7.4;0.053;32;211;0.99587;3.31;0.59;10.4;6
6.4;0.24;0.25;20.2;0.083;35;157;0.99976;3.17;0.5;9.1;5
8;0.3;0.36;11;0.034;8;70;0.99354;3.05;0.41;12.2;6
6.4;0.24;0.25;20.2;0.083;35;157;0.99976;3.17;0.5;9.1;5
6.9;0.4;0.42;6.2;0.066;41;176;0.99552;3.12;0.54;9.4;5
6.9;0.4;0.43;6.2;0.065;42;178;0.99552;3.11;0.53;9.4;5
7.1;0.2;0.31;6.85;0.053;32;211;0.99587;3.31;0.59;10.4;6
6.6;0.25;0.51;8;0.047;61;189;0.99604;3.22;0.49;9.2;5
6.8;0.26;0.44;8.2;0.046;52;183;0.99584;3.2;0.51;9.4;5
6.5;0.37;0.3;2.2;0.033;39;107;0.98894;3.22;0.53;13.5;7
6.8;0.35;0.53;10.1;0.053;37;151;0.9963;3.07;0.4;9.4;5
6.4;0.22;0.32;7.2;0.028;15;83;0.993;3.13;0.55;10.9;8
6.5;0.37;0.3;2.2;0.033;39;107;0.98894;3.22;0.53;13.5;7
6.8;0.35;0.53;10.1;0.053;37;151;0.9963;3.07;0.4;9.4;5
6.9;0.31;0.32;1.6;0.036;34;114;0.99068;3.19;0.45;11.4;7
6.7;0.16;0.37;1.3;0.036;45;125;0.98964;3.19;0.51;12.4;7
6.6;0.25;0.51;8;0.047;61;189;0.99604;3.22;0.49;9.2;5
6.8;0.26;0.44;8.2;0.046;52;183;0.99584;3.2;0.51;9.4;5
5.6;0.15;0.31;5.3;0.038;8;79;0.9923;3.3;0.39;10.5;6
5.5;0.15;0.32;14;0.031;16;99;0.99437;3.26;0.38;11.5;8
6.4;0.22;0.32;7.2;0.028;15;83;0.993;3.13;0.55;10.9;8
7.3;0.2;0.26;1.6;0.04;36;123;0.99238;3.34;0.44;10.8;6
7.5;0.17;0.71;11.8;0.038;52;148;0.99801;3.03;0.46;8.9;5
7.5;0.18;0.72;9.6;0.039;53;151;0.99802;3.03;0.46;8.9;5
7;0.27;0.48;6.1;0.042;60;184;0.99566;3.2;0.5;9.4;6
5.8;0.32;0.31;2.7;0.049;25;153;0.99067;3.44;0.73;12.2;7
7.8;0.26;0.31;3.6;0.025;22;100;0.99066;2.99;0.47;12.1;7
7.4;0.3;0.32;1.7;0.03;23;128;0.9929;3.17;0.66;10.9;5
6.7;0.16;0.34;1.6;0.026;27;109;0.9934;3.34;0.58;10.1;6
5.8;0.32;0.31;2.7;0.049;25;153;0.99067;3.44;0.73;12.2;7
6.7;0.19;0.39;1;0.032;14;71;0.98912;3.31;0.38;13;7
6.6;0.36;0.24;0.9;0.038;15;72;0.99066;3.23;0.39;11;5
7.2;0.17;0.41;1.6;0.052;24;126;0.99228;3.19;0.49;10.8;5
6.7;0.19;0.39;1;0.032;14;71;0.98912;3.31;0.38;13;7
6;0.11;0.47;10.6;0.052;69;148;0.9958;2.91;0.34;9.3;4
6;0.21;0.34;2;0.042;63;123;0.99052;3.44;0.42;11.4;6
6.7;0.325;0.82;1.2;0.152;49;120;0.99312;2.99;0.38;9.2;5
6.6;0.4;0.46;6.2;0.056;42;241;0.9968;3.5;0.6;9.9;5
6.5;0.2;0.24;9.2;0.044;25;150;0.99502;3.22;0.44;10.5;5
7.6;0.27;0.34;5;0.04;18;56;0.99084;3.06;0.48;12.4;6
7.2;0.26;0.4;6.3;0.047;52;172;0.99573;3.18;0.53;9.5;6
6.3;0.25;0.22;3.3;0.048;41;161;0.99256;3.16;0.5;10.5;6
6.5;0.22;0.45;8;0.053;52;196;0.9959;3.23;0.48;9.1;6
6.4;0.14;0.31;1.2;0.034;53;138;0.99084;3.38;0.35;11.5;7
6.4;0.14;0.31;1.2;0.034;53;138;0.99084;3.38;0.35;11.5;7
7.1;0.26;0.32;16.2;0.044;31;170;0.99644;3.17;0.37;11.2;5
6.6;0.22;0.34;11.6;0.05;59;140;0.99526;3.22;0.4;10.8;5
6.6;0.45;0.43;7.2;0.064;31;186;0.9954;3.12;0.44;9.4;5
6.6;0.17;0.3;1.1;0.031;13;73;0.99095;3.17;0.58;11;6
7.2;0.44;0.28;3.4;0.048;22;112;0.99188;3.21;0.37;11.3;7
6.2;0.15;0.27;1.4;0.041;51;117;0.9909;3.28;0.38;11.2;6
6.3;0.25;0.22;3.3;0.048;41;161;0.99256;3.16;0.5;10.5;6
6.5;0.22;0.45;8;0.053;52;196;0.9959;3.23;0.48;9.1;6
7.3;0.26;0.3;9.3;0.05;35;154;0.99581;3.21;0.5;10.4;6
6.9;0.15;0.29;2.3;0.033;14;82;0.99132;3.1;0.58;11.2;7
5.8;0.22;0.29;0.9;0.034;34;89;0.98936;3.14;0.36;11.1;7
6.5;0.37;0.33;3.5;0.036;23;92;0.99136;3.18;0.38;11.2;6
5.5;0.375;0.38;1.7;0.036;17;98;0.99142;3.29;0.39;10.5;6
5.9;0.2;0.4;1.3;0.047;23;92;0.99232;3.2;0.45;10;6
5.9;0.22;0.38;1.3;0.046;24;90;0.99232;3.2;0.47;10;6
8;0.22;0.31;5.6;0.049;24;97;0.993;3.1;0.42;10.9;5
6.5;0.22;0.29;7.4;0.028;16;87;0.99311;3.15;0.56;10.9;7
6.9;0.15;0.29;2.3;0.033;14;82;0.99132;3.1;0.58;11.2;7
5.8;0.2;0.34;1;0.035;40;86;0.98993;3.5;0.42;11.7;5
6.6;0.31;0.07;1.5;0.033;55;144;0.99208;3.16;0.42;10;5
7.7;0.43;0.37;10;0.169;22;210;0.99776;3.02;0.64;9.5;5
6.7;0.24;0.29;14.9;0.053;55;136;0.99839;3.03;0.52;9;5
7.3;0.23;0.34;9.3;0.052;19;86;0.99574;3.04;0.56;10;5
7.9;0.2;0.39;1;0.041;37;154;0.99093;3.08;0.43;11.9;5
5.3;0.16;0.39;1;0.028;40;101;0.99156;3.57;0.59;10.6;6
6.4;0.21;0.28;5.9;0.047;29;101;0.99278;3.15;0.4;11;6
6.9;0.33;0.26;5;0.027;46;143;0.9924;3.25;0.43;11.2;7
5.6;0.18;0.58;1.25;0.034;29;129;0.98984;3.51;0.6;12;7
6.6;0.29;0.31;3.9;0.027;39;96;0.99035;3.24;0.6;12.6;8
6.9;0.33;0.26;5;0.027;46;143;0.9924;3.25;0.43;11.2;7
6.6;0.21;0.36;0.8;0.034;48;113;0.99165;3.24;0.68;10.5;6
7.3;0.21;0.33;1;0.037;66;144;0.9923;3.11;0.52;10.2;6
6.4;0.21;0.28;5.9;0.047;29;101;0.99278;3.15;0.4;11;6
5.1;0.11;0.32;1.6;0.028;12;90;0.99008;3.57;0.52;12.2;6
6.5;0.15;0.32;1.3;0.036;19;76;0.98964;3.18;0.41;12.3;6
5.3;0.16;0.39;1;0.028;40;101;0.99156;3.57;0.59;10.6;6
5.6;0.19;0.46;1.1;0.032;33;115;0.9909;3.36;0.5;10.4;6
5.6;0.18;0.58;1.25;0.034;29;129;0.98984;3.51;0.6;12;7
6.7;0.48;0.32;1.4;0.021;22;121;0.9889;3.15;0.53;12.7;7
6.2;0.23;0.23;1.2;0.018;18;128;0.99178;3.05;0.28;10.6;5
6;0.17;0.29;5;0.028;25;108;0.99076;3.14;0.34;12.3;6
6.7;0.48;0.32;1.4;0.021;22;121;0.9889;3.15;0.53;12.7;7
6.7;0.15;0.38;1.7;0.037;20;84;0.99046;3.09;0.53;11.4;6
4.2;0.17;0.36;1.8;0.029;93;161;0.98999;3.65;0.89;12;7
5.8;0.21;0.32;1.6;0.045;38;95;0.98946;3.23;0.94;12.4;8
5.4;0.23;0.36;1.5;0.03;74;121;0.98976;3.24;0.99;12.1;7
6.7;0.15;0.38;1.7;0.037;20;84;0.99046;3.09;0.53;11.4;6
6.4;0.22;0.31;13.9;0.04;57;135;0.99672;3.21;0.38;10.7;5
6.5;0.15;0.55;5.9;0.045;75;162;0.99482;2.97;0.4;9.3;5
5.9;0.32;0.33;2.1;0.027;35;138;0.98945;3.37;0.42;12.7;6
5.7;0.37;0.3;1.1;0.029;24;88;0.98883;3.18;0.39;11.7;6
7.9;0.25;0.35;6.7;0.039;22;64;0.99362;2.93;0.49;10.7;5
7.2;0.21;0.28;2.7;0.033;38;94;0.99075;2.99;0.43;11.8;7
7;0.24;0.3;6.7;0.039;37;125;0.99436;3.2;0.39;9.9;5
6.8;0.475;0.33;3.95;0.047;16;81;0.98988;3.23;0.53;13.4;7
7;0.28;0.32;7.75;0.032;30;114;0.99158;3.12;0.64;12.8;7
6.9;0.4;0.3;10.6;0.033;24;87;0.99265;3.15;0.45;12.8;6
6.6;0.41;0.31;1.6;0.042;18;101;0.99195;3.13;0.41;10.5;5
6.4;0.2;0.28;2.5;0.032;24;84;0.99168;3.31;0.55;11.5;5
8.5;0.22;0.34;0.7;0.04;5;25;0.9918;3.04;0.37;10.5;4
8.4;0.36;0.36;11.1;0.032;21;132;0.99313;2.95;0.39;13;6
5.2;0.285;0.29;5.15;0.035;64;138;0.9895;3.19;0.34;12.4;8
6.9;0.2;0.3;4.7;0.041;40;148;0.9932;3.16;0.35;10.2;6
6.7;0.42;0.46;9.7;0.054;67;234;0.99848;3.23;0.5;9;5
6.2;0.16;0.34;1.7;0.038;85;153;0.9909;3.33;0.86;12;7
6.4;0.125;0.36;1.4;0.044;22;68;0.99014;3.15;0.5;11.7;7
6.4;0.44;0.26;2;0.054;20;180;0.9952;3.58;0.57;10;5
7;0.31;0.39;7.5;0.055;42;218;0.99652;3.37;0.54;10.3;5
6.7;0.42;0.46;9.7;0.054;67;234;0.99848;3.23;0.5;9;5
8.6;0.18;0.28;0.8;0.032;25;78;0.99104;2.99;0.38;11.1;5
6.2;0.21;0.26;13.1;0.05;59;150;0.99772;3.31;0.46;9;5
6.1;0.16;0.37;1.1;0.031;37;97;0.9922;3.4;0.58;10.5;6
6.5;0.22;0.32;2.2;0.028;36;92;0.99076;3.27;0.59;11.9;7
6.2;0.36;0.14;8.9;0.036;38;155;0.99622;3.27;0.5;9.4;5
5.7;0.21;0.25;1.1;0.035;26;81;0.9902;3.31;0.52;11.4;6
6.4;0.25;0.32;0.9;0.034;40;114;0.99114;3.31;0.58;10.8;7
7.6;0.31;0.26;1.7;0.073;40;157;0.9938;3.1;0.46;9.8;5
6.6;0.26;0.46;6.9;0.047;59;183;0.99594;3.2;0.45;9.3;5
5.7;0.21;0.25;1.1;0.035;26;81;0.9902;3.31;0.52;11.4;6
6.2;0.2;0.31;1;0.031;22;73;0.99035;3.24;0.52;11.3;6
6.2;0.18;0.3;1;0.031;23;73;0.99032;3.23;0.52;11.3;6
6.1;0.37;0.2;7.6;0.031;49;170;0.99558;3.22;0.48;9.5;5
6.2;0.36;0.14;8.9;0.036;38;155;0.99622;3.27;0.5;9.4;5
6.5;0.22;0.32;2.2;0.028;36;92;0.99076;3.27;0.59;11.9;7
7.7;0.18;0.3;1.2;0.046;49;199;0.99413;3.03;0.38;9.3;5
6.9;0.14;0.38;1;0.041;22;81;0.99043;3.03;0.54;11.4;6
6.9;0.14;0.38;1;0.041;22;81;0.99043;3.03;0.54;11.4;6
6;0.44;0.26;3.1;0.053;57;128;0.98982;3.22;0.39;12.7;6
7.1;0.36;0.4;1.95;0.033;26;118;0.98934;3.2;0.45;13.5;7
5.7;0.28;0.28;2.2;0.019;15;65;0.9902;3.06;0.52;11.2;6
6.4;0.16;0.32;8.75;0.038;38;118;0.99449;3.19;0.41;10.7;5
7.4;0.28;0.4;11.9;0.032;13;92;0.99629;3.01;0.46;10.8;4
6.7;0.39;0.31;2.7;0.054;27;202;0.9948;3.46;0.57;10.5;6
6.5;0.44;0.47;5.45;0.014;44;137;0.98984;3.13;0.32;13;8
6.9;0.22;0.31;6.3;0.029;41;131;0.99326;3.08;0.49;10.8;6
6.6;0.22;0.29;14.4;0.046;39;118;0.99834;3.05;0.5;9.1;6
7.7;0.25;0.3;7.8;0.038;67;196;0.99555;3.1;0.5;10.1;5
5.2;0.155;0.33;1.6;0.028;13;59;0.98975;3.3;0.84;11.9;8
7;0.31;0.31;9.1;0.036;45;140;0.99216;2.98;0.31;12;7
7;0.31;0.31;9.1;0.036;45;140;0.99216;2.98;0.31;12;7
6.6;0.22;0.29;14.4;0.046;39;118;0.99834;3.05;0.5;9.1;6
5.6;0.21;0.4;1.3;0.041;81;147;0.9901;3.22;0.95;11.6;8
5.2;0.155;0.33;1.6;0.028;13;59;0.98975;3.3;0.84;11.9;8
6.4;0.25;0.32;11.3;0.038;69;192;0.99573;3.14;0.5;10.2;6
6.9;0.22;0.31;6.3;0.029;41;131;0.99326;3.08;0.49;10.8;6
5.3;0.21;0.29;0.7;0.028;11;66;0.99215;3.3;0.4;9.8;5
7.1;0.27;0.28;1.25;0.023;3;89;0.98993;2.95;0.3;11.4;4
5.2;0.17;0.27;0.7;0.03;11;68;0.99218;3.3;0.41;9.8;5
7.7;0.25;0.3;7.8;0.038;67;196;0.99555;3.1;0.5;10.1;5
7;0.12;0.29;10.3;0.039;41;98;0.99564;3.19;0.38;9.8;8
7;0.12;0.29;10.3;0.039;41;98;0.99564;3.19;0.38;9.8;8
7.1;0.29;0.34;7.8;0.036;49;128;0.99397;3.21;0.4;10.7;6
7.2;0.3;0.3;8.7;0.022;14;111;0.99576;3.11;0.61;10.6;5
6.8;0.26;0.46;8.3;0.037;49;173;0.99601;3.17;0.47;9.3;5
7;0.12;0.29;10.3;0.039;41;98;0.99564;3.19;0.38;9.8;8
7.1;0.29;0.34;7.8;0.036;49;128;0.99397;3.21;0.4;10.7;6
4.9;0.33;0.31;1.2;0.016;39;150;0.98713;3.33;0.59;14;8
5.1;0.29;0.28;8.3;0.026;27;107;0.99308;3.36;0.37;11;6
5.1;0.29;0.28;8.3;0.026;27;107;0.99308;3.36;0.37;11;6
6.8;0.26;0.48;6.2;0.049;55;182;0.99582;3.21;0.45;9.4;6
6;0.28;0.52;5;0.078;30;139;0.99494;3.1;0.36;9;6
6;0.28;0.25;1.8;0.042;8;108;0.9929;3.08;0.55;9;5
7.2;0.2;0.22;1.6;0.044;17;101;0.99471;3.37;0.53;10;5
6.1;0.27;0.25;1.8;0.041;9;109;0.9929;3.08;0.54;9;5
6;0.28;0.25;1.8;0.042;8;108;0.9929;3.08;0.55;9;5
6.4;0.29;0.3;2.9;0.036;25;79;0.99037;3.29;0.6;12.4;7
7.4;0.35;0.24;6;0.042;28;123;0.99304;3.14;0.44;11.3;5
8.1;0.12;0.38;0.9;0.034;36;86;0.99026;2.8;0.55;12;6
6.4;0.12;0.3;1.1;0.031;37;94;0.98986;3.01;0.56;11.7;6
7.2;0.2;0.22;1.6;0.044;17;101;0.99471;3.37;0.53;10;5
7.3;0.4;0.26;5.45;0.016;26;90;0.98951;2.84;0.54;13.2;7
7.7;0.11;0.34;14.05;0.04;41;114;0.99634;3.07;0.59;11;7
6.9;0.23;0.41;8;0.03;30;114;0.99368;3.22;0.54;11;6
6.9;0.38;0.38;13.1;0.112;14;94;0.99792;3.02;0.48;9.2;5
7.5;0.38;0.29;4.9;0.021;38;113;0.99026;3.08;0.48;13;7
5.8;0.19;0.24;1.3;0.044;38;128;0.99362;3.77;0.6;10.6;5
5.5;0.34;0.26;2.2;0.021;31;119;0.98919;3.55;0.49;13;8
6.6;0.23;0.3;14.9;0.051;33;118;0.99835;3.04;0.54;9;6
6.6;0.23;0.3;14.9;0.051;33;118;0.99835;3.04;0.54;9;6
8.4;0.31;0.31;0.95;0.021;52;148;0.99038;2.93;0.32;11.5;5
6.7;0.2;0.3;1.4;0.025;17;76;0.99104;3.11;0.44;11;6
8.4;0.31;0.31;0.95;0.021;52;148;0.99038;2.93;0.32;11.5;5
7.3;0.26;0.24;1.7;0.05;10;112;0.99286;3.11;0.43;9.9;5
6.3;0.22;0.22;5.6;0.039;31;128;0.99296;3.12;0.46;10.4;6
6.6;0.23;0.3;14.9;0.051;33;118;0.99835;3.04;0.54;9;6
7.5;0.19;0.4;7.1;0.056;50;110;0.9954;3.06;0.52;9.9;6
8;0.14;0.33;1.2;0.045;71;162;0.9914;3.07;0.47;11;6
6.8;0.32;0.39;9.6;0.026;34;124;0.99286;3.18;0.35;12.1;6
6.6;0.23;0.2;11.4;0.044;45;131;0.99604;2.96;0.51;9.7;6
6.6;0.23;0.2;11.4;0.044;45;131;0.99604;2.96;0.51;9.7;6
6.7;0.36;0.26;7.9;0.034;39;123;0.99119;2.99;0.3;12.2;7
6.1;0.38;0.42;5;0.016;31;113;0.99007;3.15;0.31;12.4;7
8.5;0.23;0.28;11.1;0.033;30;97;0.99507;3.03;0.39;10.5;7
7;0.2;0.31;8;0.05;29;213;0.99596;3.28;0.57;10.4;6
6;0.26;0.32;3.8;0.029;48;180;0.99011;3.15;0.34;12;6
6.9;0.3;0.3;10.55;0.037;4;28;0.99184;3.07;0.32;12.7;6
6.7;0.18;0.28;10.2;0.039;29;115;0.99469;3.11;0.45;10.9;7
6.7;0.18;0.28;10.2;0.039;29;115;0.99469;3.11;0.45;10.9;7
6.8;0.18;0.28;9.8;0.039;29;113;0.99406;3.11;0.45;10.9;7
7.2;0.19;0.31;6.3;0.034;17;103;0.99305;3.15;0.52;11.4;7
6.2;0.16;0.32;1.1;0.036;74;184;0.99096;3.22;0.41;11;6
5;0.27;0.32;4.5;0.032;58;178;0.98956;3.45;0.31;12.6;7
6.3;0.37;0.28;6.3;0.034;45;152;0.9921;3.29;0.46;11.6;7
6.6;0.2;0.27;10.9;0.038;29;130;0.99496;3.11;0.44;10.5;7
6.8;0.18;0.28;9.8;0.039;29;113;0.99406;3.11;0.45;10.9;7
6.8;0.18;0.28;9.8;0.039;29;113;0.99406;3.11;0.45;10.9;7
6.6;0.28;0.34;0.8;0.037;42;119;0.9888;3.03;0.37;12.5;6
6.5;0.35;0.36;0.8;0.034;32;111;0.98942;3.11;0.5;12.1;8
6.9;0.25;0.33;1.2;0.035;35;158;0.99082;3.02;0.58;11.3;6
6;0.32;0.3;1.3;0.025;18;112;0.98802;3.07;0.64;13.3;7
6.8;0.18;0.28;9.8;0.039;29;113;0.99406;3.11;0.45;10.9;7
6.7;0.18;0.28;10.2;0.039;29;115;0.99469;3.11;0.45;10.9;7
6.6;0.2;0.27;10.9;0.038;29;130;0.99496;3.11;0.44;10.5;7
6.3;0.37;0.28;6.3;0.034;45;152;0.9921;3.29;0.46;11.6;7
7.2;0.19;0.31;6.3;0.034;17;103;0.99305;3.15;0.52;11.4;7
6.3;0.18;0.36;1.2;0.034;26;111;0.99074;3.16;0.51;11;6
6.9;0.3;0.36;0.9;0.037;40;156;0.98968;3.08;0.36;12.1;6
6.2;0.16;0.32;1.1;0.036;74;184;0.99096;3.22;0.41;11;6
5;0.27;0.32;4.5;0.032;58;178;0.98956;3.45;0.31;12.6;7
5;0.3;0.33;3.7;0.03;54;173;0.9887;3.36;0.3;13;7
6.5;0.2;0.5;18.1;0.054;50;221;0.99941;2.94;0.64;8.8;6
6.7;0.25;0.31;1.35;0.061;30.5;218;0.99388;3.16;0.53;9.5;5
6.6;0.22;0.36;5.5;0.029;30;105;0.99206;3.2;0.47;11.8;6
6.8;0.25;0.37;3.1;0.026;29;93;0.99035;3.14;0.45;12.2;6
7;0.13;0.37;12.85;0.042;36;105;0.99581;3.05;0.55;10.7;6
7;0.45;0.34;19.8;0.04;12;67;0.9976;3.07;0.38;11;6
7.2;0.32;0.3;8.25;0.02;14;104;0.99362;2.99;0.44;11.4;6
7;0.13;0.37;12.85;0.042;36;105;0.99581;3.05;0.55;10.7;6
5.9;0.34;0.3;3.8;0.035;57;135;0.99016;3.09;0.34;12;6
6.8;0.22;0.31;6.9;0.037;33;121;0.99176;3.02;0.39;11.9;8
7.2;0.32;0.3;8.25;0.02;14;104;0.99362;2.99;0.44;11.4;6
8.4;0.32;0.35;11.7;0.029;3;46;0.99439;3.02;0.34;11.8;6
6.8;0.27;0.29;4.6;0.046;6;88;0.99458;3.34;0.48;10.6;4
8;0.74;0.21;4;0.05;24;133;0.99418;3.06;0.38;9.7;5
7;0.45;0.34;19.8;0.04;12;67;0.9976;3.07;0.38;11;6
7;0.13;0.37;12.85;0.042;36;105;0.99581;3.05;0.55;10.7;6
5.4;0.22;0.29;1.2;0.045;69;152;0.99178;3.76;0.63;11;7
8.4;0.22;0.3;8.9;0.024;17;118;0.99456;2.99;0.34;10.5;6
7.4;0.32;0.22;11.7;0.035;44;150;0.99578;3.1;0.45;10.4;5
7.5;0.18;0.37;6.2;0.05;21;138;0.99546;3.2;0.55;10.5;6
7.1;0.47;0.29;14.8;0.024;22;142;0.99518;3.12;0.48;12;8
7.1;0.47;0.29;14.8;0.024;22;142;0.99518;3.12;0.48;12;8
5.8;0.19;0.25;10.8;0.042;33;124;0.99646;3.22;0.41;9.2;6
6.7;0.14;0.46;1.6;0.036;15;92;0.99264;3.37;0.49;10.9;5
6.8;0.24;0.38;8.3;0.045;50;185;0.99578;3.15;0.5;9.5;6
6.9;0.25;0.47;8.4;0.042;36;156;0.99604;3.15;0.55;9.4;6
6;0.24;0.33;2.5;0.026;31;85;0.99014;3.13;0.5;11.3;7
6.8;0.29;0.34;3.5;0.054;26;189;0.99489;3.42;0.58;10.4;5
6.3;0.33;0.42;17.2;0.037;57;170;0.99884;3.26;0.57;9.4;6
6.5;0.23;0.45;2.1;0.027;43;104;0.99054;3.02;0.52;11.3;6
6.3;0.27;0.29;12.2;0.044;59;196;0.99782;3.14;0.4;8.8;6
6.3;0.2;0.37;11.8;0.045;58;130;0.99519;3.2;0.35;10.8;5
6.2;0.33;0.41;16.8;0.037;58;173;0.99882;3.25;0.57;9.4;6
6.3;0.33;0.42;17.2;0.037;57;170;0.99884;3.26;0.57;9.4;6
7.2;0.21;1;1.1;0.154;46;114;0.9931;2.95;0.43;9.2;6
6;0.27;0.3;14.7;0.044;15;144;0.99666;3.12;0.53;10.3;6
5.7;0.12;0.26;5.5;0.034;21;99;0.99324;3.09;0.57;9.9;6
6.9;0.24;0.37;6.1;0.027;38;112;0.99086;3.19;0.34;12.4;6
7.7;0.18;0.53;1.2;0.041;42;167;0.9908;3.11;0.44;11.9;5
7.1;0.17;0.43;1.3;0.023;33;132;0.99067;3.11;0.56;11.7;6
7.5;0.33;0.38;8.7;0.126;49;199;0.99711;2.98;0.57;9.4;5
6.2;0.255;0.24;1.7;0.039;138.5;272;0.99452;3.53;0.53;9.6;4
7.5;0.33;0.38;8.7;0.126;49;199;0.99711;2.98;0.57;9.4;5
5.6;0.2;0.66;10.2;0.043;78;175;0.9945;2.98;0.43;10.4;7
7.6;0.17;0.36;4.5;0.042;26;102;0.99427;3.09;0.47;9.5;5
5.8;0.15;0.31;5.9;0.036;7;73;0.99152;3.2;0.43;11.9;6
6.3;0.25;0.44;1.7;0.024;36;116;0.98935;3.18;0.4;12.5;6
6.9;0.28;0.41;1.4;0.016;6;55;0.98876;3.16;0.4;13.4;5
7.2;0.27;0.37;5.4;0.026;27;114;0.99174;3.13;0.84;12.7;5
6.2;0.25;0.38;7.9;0.045;54;208;0.99572;3.17;0.46;9.1;5
8.5;0.19;0.48;1.1;0.026;23;58;0.99184;2.9;0.5;10.5;6
6.2;0.25;0.54;7;0.046;58;176;0.99454;3.19;0.7;10.4;5
6.2;0.25;0.54;7;0.046;58;176;0.99454;3.19;0.7;10.4;5
6.8;0.28;0.43;7.6;0.03;30;110;0.99164;3.08;0.59;12.5;8
6.2;0.25;0.54;7;0.046;58;176;0.99454;3.19;0.7;10.4;5
7.4;0.21;0.8;12.3;0.038;77;183;0.99778;2.95;0.48;9;5
7;0.15;0.38;15.3;0.045;54;120;0.9975;3.18;0.42;9.8;6
7.4;0.21;0.8;12.3;0.038;77;183;0.99778;2.95;0.48;9;5
7.3;0.28;0.42;1.2;0.033;29;142;0.99205;3.17;0.43;10.7;4
6.1;0.18;0.38;2.3;0.033;28;111;0.98962;3.16;0.49;12.4;6
7;0.53;0.43;6.1;0.029;6;76;0.99118;3.08;0.5;12.5;8
6.8;0.28;0.43;7.6;0.03;30;110;0.99164;3.08;0.59;12.5;8
6.5;0.36;0.38;10.2;0.028;20;82;0.99274;3.1;0.43;12.1;7
7.5;0.25;0.47;4.1;0.041;95;163;0.99184;2.92;0.59;11.3;6
6.7;0.24;0.41;2.9;0.039;48;122;0.99052;3.25;0.43;12;5
6.6;0.25;0.33;8.5;0.042;29;141;0.99546;3.28;0.6;10.4;5
6.4;0.15;0.4;1.5;0.042;23;87;0.98972;3.11;0.46;12.2;7
6.3;0.28;0.3;3.1;0.039;24;115;0.9942;3.05;0.43;8.6;5
6.2;0.25;0.38;7.9;0.045;54;208;0.99572;3.17;0.46;9.1;5
7.1;0.28;0.35;3.5;0.028;35;91;0.99022;2.96;0.33;12.1;5
6.6;0.35;0.34;4.9;0.032;9;125;0.99253;3.32;0.81;12;5
8.5;0.19;0.48;1.1;0.026;23;58;0.99184;2.9;0.5;10.5;6
6.2;0.25;0.54;7;0.046;58;176;0.99454;3.19;0.7;10.4;5
6;0.35;0.51;1.2;0.029;10;102;0.9903;3.46;0.42;11.9;6
5.8;0.31;0.32;4.5;0.024;28;94;0.98906;3.25;0.52;13.7;7
6.6;0.17;0.35;2.6;0.03;33;78;0.99146;3.22;0.72;11.3;6
8.5;0.23;0.4;9.9;0.036;24;88;0.9951;3.02;0.42;10.5;6
5.8;0.31;0.32;4.5;0.024;28;94;0.98906;3.25;0.52;13.7;7
6.1;0.2;0.34;9.5;0.041;38;201;0.995;3.14;0.44;10.1;3
6.3;0.37;0.37;1.5;0.024;12;76;0.98876;2.94;0.39;12.3;6
6.2;0.36;0.38;3.2;0.031;20;89;0.98956;3.06;0.33;12;7
6.6;0.17;0.35;2.6;0.03;33;78;0.99146;3.22;0.72;11.3;6
6.3;0.28;0.47;11.2;0.04;61;183;0.99592;3.12;0.51;9.5;6
7.6;0.27;0.52;3.2;0.043;28;152;0.99129;3.02;0.53;11.4;6
7;0.25;0.45;2.3;0.045;40;118;0.99064;3.16;0.48;11.9;7
9.7;0.24;0.49;4.9;0.032;3;18;0.99368;2.85;0.54;10;6
9.7;0.24;0.49;4.9;0.032;3;18;0.99368;2.85;0.54;10;6
6.8;0.13;0.39;1.4;0.034;19;102;0.99121;3.23;0.6;11.3;7
6.6;0.78;0.5;1.5;0.045;30;133;0.99104;3.25;0.48;11.7;5
5.1;0.33;0.27;6.7;0.022;44;129;0.99221;3.36;0.39;11;7
6.7;0.34;0.4;2.1;0.033;34;111;0.98924;2.97;0.48;12.2;7
6.7;0.14;0.51;4.3;0.028;57;124;0.99176;2.91;0.54;10.7;7
7;0.26;0.34;10.9;0.038;25;84;0.99432;3.11;0.34;10.9;6
6.5;0.29;0.26;7;0.04;18;113;0.99366;3.17;0.38;10.2;6
7;0.25;0.45;2.3;0.045;40;118;0.99064;3.16;0.48;11.9;7
7.6;0.21;0.49;2.5;0.047;20;130;0.99178;3.15;0.48;11.1;5
7.7;0.26;0.51;2.6;0.045;26;159;0.99126;3;0.5;11.2;6
7.6;0.27;0.52;3.2;0.043;28;152;0.99129;3.02;0.53;11.4;6
7.7;0.25;0.49;2.5;0.047;31;169;0.99252;3.07;0.57;10.6;6
7.6;0.35;0.46;14.7;0.047;33;151;0.99709;3.03;0.53;10.3;5
6.9;0.3;0.36;4.5;0.054;31;203;0.99513;3.4;0.57;10.4;4
6.7;0.24;0.46;2.2;0.033;19;111;0.99045;3.1;0.62;11.9;6
6.5;0.23;0.39;1.9;0.036;41;98;0.99;3.19;0.43;11.9;7
7.6;0.23;0.34;1.6;0.043;24;129;0.99305;3.12;0.7;10.4;5
6.5;0.24;0.39;17.3;0.052;22;126;0.99888;3.11;0.47;9.2;6
6.3;0.17;0.32;4.2;0.04;37;117;0.99182;3.24;0.43;11.3;6
6.3;0.17;0.32;4.2;0.04;37;117;0.99182;3.24;0.43;11.3;6
6.7;0.21;0.37;2.5;0.034;35;89;0.9913;3.25;0.5;11;7
6.5;0.23;0.39;1.9;0.036;41;98;0.99;3.19;0.43;11.9;7
5.9;0.28;0.39;1.4;0.031;47;147;0.98836;3.08;0.64;12.9;7
5.9;0.19;0.37;0.8;0.027;3;21;0.9897;3.09;0.31;10.8;5
6.2;0.25;0.42;8;0.049;53;206;0.99586;3.16;0.47;9.1;6
7.6;0.23;0.34;1.6;0.043;24;129;0.99305;3.12;0.7;10.4;5
5.6;0.18;0.27;1.7;0.03;31;103;0.98892;3.35;0.37;12.9;6
5.5;0.18;0.22;5.5;0.037;10;86;0.99156;3.46;0.44;12.2;5
6.5;0.24;0.39;17.3;0.052;22;126;0.99888;3.11;0.47;9.2;6
7.4;0.23;0.38;8.6;0.052;41;150;0.99534;3.06;0.46;10.3;5
7.2;0.17;0.37;6.9;0.059;47;128;0.99322;3.08;0.46;11;7
7.6;0.3;0.38;2.1;0.043;10;98;0.99296;3.17;0.65;11;5
5;0.24;0.21;2.2;0.039;31;100;0.99098;3.69;0.62;11.7;6
6.1;0.21;0.38;1.5;0.039;37;122;0.98972;3.2;0.43;12;6
6.5;0.33;0.38;2.5;0.047;30;148;0.98964;3.17;0.43;12.7;6
6.3;0.35;0.26;17.6;0.061;59;198;0.99918;3.11;0.49;8.8;5
6.3;0.17;0.32;4.2;0.04;37;117;0.99182;3.24;0.43;11.3;6
6.6;0.25;0.35;2.9;0.034;38;121;0.99008;3.19;0.4;12.8;6
6.5;0.16;0.33;4.8;0.043;45;114;0.992;3.18;0.44;11.2;6
6.6;0.39;0.39;11.9;0.057;51;221;0.99851;3.26;0.51;8.9;6
5.6;0.19;0.27;0.9;0.04;52;103;0.99026;3.5;0.39;11.2;5
6.2;0.25;0.39;1.3;0.051;42;135;0.9906;3.23;0.4;11.1;6
6.9;0.22;0.43;6.4;0.042;34;115;0.99293;3.05;0.51;10.8;6
6.2;0.19;0.29;4.3;0.045;33;126;0.99658;3.18;0.42;9.3;6
6.6;0.39;0.39;11.9;0.057;51;221;0.99851;3.26;0.51;8.9;6
5.9;0.33;0.32;8.1;0.038;9;34;0.9911;3.22;0.36;12.7;7
7.8;0.17;0.5;1.3;0.045;35;140;0.9904;3.16;0.4;12;6
5.5;0.19;0.27;0.9;0.04;52;103;0.99026;3.5;0.39;11.2;5
6.2;0.23;0.36;17.2;0.039;37;130;0.99946;3.23;0.43;8.8;6
6.2;0.23;0.36;17.2;0.039;37;130;0.99946;3.23;0.43;8.8;6
6.2;0.23;0.36;17.2;0.039;37;130;0.99946;3.23;0.43;8.8;6
7.2;0.32;0.4;8.7;0.038;45;154;0.99568;3.2;0.47;10.4;6
6.2;0.23;0.36;17.2;0.039;37;130;0.99946;3.23;0.43;8.8;6
7.2;0.32;0.4;8.7;0.038;45;154;0.99568;3.2;0.47;10.4;6
5.8;0.39;0.47;7.5;0.027;12;88;0.9907;3.38;0.45;14;6
6.2;0.23;0.36;17.2;0.039;37;130;0.99946;3.23;0.43;8.8;6
7.6;0.25;1.23;4.6;0.035;51;294;0.99018;3.03;0.43;13.1;6
5.8;0.29;0.33;3.7;0.029;30;88;0.98994;3.25;0.42;12.3;6
7.2;0.4;0.38;2.2;0.03;40;109;0.99075;3.27;0.46;12.6;6
6.8;0.39;0.34;7.4;0.02;38;133;0.99212;3.18;0.44;12;7
6.1;0.17;0.42;15.1;0.033;28;124;0.99684;2.87;0.47;9.5;5
6.8;0.39;0.34;7.4;0.02;38;133;0.99212;3.18;0.44;12;7
7.1;0.36;0.37;4.8;0.019;39;114;0.99036;3.08;0.49;12.7;7
6.9;0.19;0.32;7.9;0.042;30;130;0.99456;3.4;0.39;10.5;6
6.5;0.34;0.46;1;0.023;6;80;0.98865;3.15;0.54;12.9;6
6.1;0.17;0.42;15.1;0.033;28;124;0.99684;2.87;0.47;9.5;5
6.8;0.39;0.34;7.4;0.02;38;133;0.99212;3.18;0.44;12;7
7.1;0.36;0.37;4.8;0.019;39;114;0.99036;3.08;0.49;12.7;7
7.8;0.3;0.36;4.6;0.024;20;198;0.99222;3.06;0.66;11.9;6
6.1;0.68;0.52;1.4;0.037;32;123;0.99022;3.24;0.45;12;6
5.2;0.34;0.37;6.2;0.031;42;133;0.99076;3.25;0.41;12.5;6
5.6;0.28;0.4;6.1;0.034;36;118;0.99144;3.21;0.43;12.1;7
6.2;0.19;0.38;5.1;0.019;22;82;0.98961;3.05;0.36;12.5;6
5.7;0.16;0.26;6.3;0.043;28;113;0.9936;3.06;0.58;9.9;6
7.6;0.17;0.46;0.9;0.036;63;147;0.99126;3.02;0.41;10.7;6
7.3;0.2;0.39;2.3;0.048;24;87;0.99044;2.94;0.35;12;6
6.7;0.33;0.36;6.6;0.042;34;116;0.99123;2.97;0.31;12.2;8
6.7;0.33;0.34;7.5;0.036;39;124;0.99123;2.99;0.32;12.4;8
6.9;0.36;0.35;8.6;0.038;37;125;0.9916;3;0.32;12.4;8
7.8;0.21;0.34;11.9;0.039;55;140;0.9959;3.02;0.31;10.3;6
7.3;0.2;0.39;2.3;0.048;24;87;0.99044;2.94;0.35;12;6
5.6;0.41;0.22;7.1;0.05;44;154;0.9931;3.3;0.4;10.5;5
7.6;0.15;0.35;4.3;0.051;23;98;0.99422;3.1;0.44;9.5;6
8.5;0.2;0.4;1.1;0.046;31;106;0.99194;3;0.35;10.5;4
6.5;0.24;0.38;1;0.027;31;90;0.98926;3.24;0.36;12.3;6
8.3;0.16;0.37;7.9;0.025;38;107;0.99306;2.93;0.37;11.9;6
5.5;0.12;0.33;1;0.038;23;131;0.99164;3.25;0.45;9.8;5
6.5;0.24;0.38;1;0.027;31;90;0.98926;3.24;0.36;12.3;6
6.2;0.1;0.41;1;0.04;17;76;0.98988;3.14;0.56;11.4;7
6.5;0.21;0.4;7.3;0.041;49;115;0.99268;3.21;0.43;11;6
8.7;0.3;0.59;1.7;0.046;10;70;0.99373;3.06;0.56;10.8;4
6.7;0.18;0.37;1.3;0.027;42;125;0.98939;3.24;0.37;12.8;7
7;0.17;0.36;6.4;0.055;42;123;0.99318;3.11;0.5;11;8
6.6;0.19;0.33;1.8;0.035;42;148;0.99196;3.15;0.36;10.2;5
5.8;0.28;0.3;1.5;0.026;31;114;0.98952;3.32;0.6;12.5;7
7.6;0.24;0.44;3.8;0.037;49;146;0.9911;3.06;0.37;11.6;6
8.3;0.16;0.37;7.9;0.025;38;107;0.99306;2.93;0.37;11.9;6
5.5;0.12;0.33;1;0.038;23;131;0.99164;3.25;0.45;9.8;5
5.7;0.16;0.32;1.2;0.036;7;89;0.99111;3.26;0.48;11;5
7;0.21;0.42;5.3;0.037;36;123;0.99321;3.14;0.52;10.9;6
6.4;0.22;0.38;9.1;0.044;35;127;0.99326;2.97;0.3;11;7
7.9;0.34;0.44;6.5;0.027;47;126;0.99124;2.96;0.37;12.5;6
6.4;0.22;0.38;9.1;0.044;35;127;0.99326;2.97;0.3;11;7
6.8;0.21;0.4;6.3;0.032;40;121;0.99214;3.18;0.53;12;7
5.2;0.31;0.36;5.1;0.031;46;145;0.9897;3.14;0.31;12.4;7
7.9;0.34;0.44;6.5;0.027;47;126;0.99124;2.96;0.37;12.5;6
5.6;0.42;0.34;2.4;0.022;34;97;0.98915;3.22;0.38;12.8;7
6.4;0.22;0.38;9.1;0.044;35;127;0.99326;2.97;0.3;11;7
6.8;0.28;0.34;7.5;0.035;34;177;0.99692;3.33;0.43;9.1;5
6.8;0.45;0.36;5;0.033;28;156;0.991;3.11;0.4;12.4;7
6.6;0.29;0.39;6.75;0.031;22;98;0.9913;3.15;0.8;12.9;7
6.8;0.21;0.42;1.2;0.045;24;126;0.99234;3.09;0.87;10.9;6
6.8;0.25;0.24;1.6;0.045;39;164;0.99402;3.53;0.58;10.8;5
6.4;0.21;0.34;16.05;0.04;56;142;0.99678;3.11;0.38;10.6;5
5.8;0.33;0.23;5;0.053;29;106;0.99458;3.13;0.52;9;5
8.2;0.3;0.44;12.4;0.043;52;154;0.99452;3.04;0.33;12;6
6.4;0.24;0.32;0.95;0.041;23;131;0.99033;3.25;0.35;11.8;5
7.5;0.18;0.45;4.6;0.041;67;158;0.9927;3.01;0.38;10.6;6
5.2;0.335;0.2;1.7;0.033;17;74;0.99002;3.34;0.48;12.3;6
7.1;0.14;0.33;1;0.104;20;54;0.99057;3.19;0.64;11.5;6
7.2;0.13;0.46;1.3;0.044;48;111;0.99127;2.97;0.45;11.1;5
5.8;0.33;0.23;5;0.053;29;106;0.99458;3.13;0.52;9;5
6.5;0.29;0.25;2.5;0.142;8;111;0.9927;3;0.44;9.9;4
6.2;0.35;0.31;2.6;0.036;37;92;0.98938;3.27;0.53;12.8;7
9;0.38;0.53;2.1;0.102;19;76;0.99001;2.93;0.57;12.9;5
6.6;0.24;0.38;12.75;0.034;8;74;0.99386;3.1;0.57;12.9;6
6.6;0.16;0.34;1.1;0.037;41;115;0.9899;3.01;0.68;12;6
8.2;0.3;0.44;12.4;0.043;52;154;0.99452;3.04;0.33;12;6
5.7;0.15;0.28;3.7;0.045;57;151;0.9913;3.22;0.27;11.2;6
6.6;0.33;0.4;2.65;0.041;35;86;0.98916;3.11;0.39;13.3;7
5.7;0.2;0.3;2.5;0.046;38;125;0.99276;3.34;0.5;9.9;6
6.8;0.27;0.37;8.2;0.055;52;192;0.99586;3.11;0.52;9.5;6
6.8;0.27;0.42;7.3;0.054;58;200;0.99556;3.12;0.49;9.4;6
6.2;0.2;0.26;1.1;0.047;42;119;0.99158;3.48;0.6;11;7
6.7;0.13;0.57;6.6;0.056;60;150;0.99548;2.96;0.43;9.4;6
6.8;0.21;0.37;7;0.038;27;107;0.99206;2.98;0.82;11.5;6
6.7;0.31;0.32;14.5;0.038;6;79;0.99412;3.14;0.34;12.5;5
6.2;0.2;0.29;11.8;0.035;21;93;0.99364;3.18;0.34;11.9;6
6.6;0.25;0.34;3;0.054;22;141;0.99338;3.26;0.47;10.4;6
5.7;0.15;0.28;3.7;0.045;57;151;0.9913;3.22;0.27;11.2;6
6.9;0.22;0.39;6;0.035;44;141;0.99123;3.11;0.33;12.5;6
6.4;0.23;0.35;4.6;0.039;43;147;0.99216;3.18;0.4;11;7
7.6;0.27;0.29;2.5;0.059;37;115;0.99328;3.09;0.37;9.8;5
6.6;0.34;0.24;3.3;0.034;29;99;0.99031;3.1;0.4;12.3;7
6.4;0.16;0.42;1;0.036;29;113;0.9908;3.18;0.52;11;6
5.8;0.3;0.42;1.1;0.036;19;113;0.98871;3.1;0.46;12.6;7
7;0.29;0.35;1.4;0.036;42;109;0.99119;3.31;0.62;11.6;6
6.6;0.34;0.24;3.3;0.034;29;99;0.99031;3.1;0.4;12.3;7
6.7;0.21;0.36;8.55;0.02;20;86;0.99146;3.19;0.22;13.4;7
7.6;0.27;0.29;2.5;0.059;37;115;0.99328;3.09;0.37;9.8;5
6.8;0.22;0.41;6.7;0.034;39;116;0.99245;3.18;0.46;11.5;6
7.7;0.27;0.49;3.8;0.037;46;139;0.99116;3.04;0.38;11.6;6
6.4;0.25;0.37;4.5;0.039;41;147;0.9921;3.18;0.4;11.1;7
6.4;0.23;0.35;4.6;0.039;43;147;0.99216;3.18;0.4;11;7
6.7;0.13;0.45;4.2;0.043;52;131;0.99162;3.06;0.54;11.3;6
6.7;0.24;0.37;11.3;0.043;64;173;0.99632;3.08;0.53;9.9;6
7.1;0.26;0.37;5.5;0.025;31;105;0.99082;3.06;0.33;12.6;8
5.3;0.3;0.16;4.2;0.029;37;100;0.9905;3.3;0.36;11.8;8
7.1;0.38;0.4;2.2;0.042;54;201;0.99177;3.03;0.5;11.4;5
7.4;0.19;0.31;14.5;0.045;39;193;0.9986;3.1;0.5;9.2;6
7.4;0.19;0.31;14.5;0.045;39;193;0.9986;3.1;0.5;9.2;6
7.4;0.19;0.31;14.5;0.045;39;193;0.9986;3.1;0.5;9.2;6
7.4;0.19;0.31;14.5;0.045;39;193;0.9986;3.1;0.5;9.2;6
7.4;0.19;0.31;14.5;0.045;39;193;0.9986;3.1;0.5;9.2;6
7.4;0.19;0.31;14.5;0.045;39;193;0.9986;3.1;0.5;9.2;6
6.3;0.32;0.32;1.5;0.03;24;101;0.98923;3.21;0.42;13;5
7.6;0.19;0.32;18.75;0.047;32;193;1.00014;3.1;0.5;9.3;7
6.5;0.26;0.31;3.6;0.03;36;92;0.99026;3.22;0.62;12.6;8
5.9;0.24;0.12;1.4;0.035;60;247;0.99358;3.34;0.44;9.6;6
4.2;0.215;0.23;5.1;0.041;64;157;0.99688;3.42;0.44;8.0;3
8.1;0.24;0.32;10.5;0.03;34;105;0.99407;3.11;0.42;11.8;6
5.8;0.23;0.2;2;0.043;39;154;0.99226;3.21;0.39;10.2;6
7.5;0.33;0.36;2.6;0.051;26;126;0.99097;3.32;0.53;12.7;6
6.6;0.38;0.36;9.2;0.061;42;214;0.9976;3.31;0.56;9.4;5
6.4;0.15;0.29;1.8;0.044;21;115;0.99166;3.1;0.38;10.2;5
6.5;0.32;0.34;5.7;0.044;27;91;0.99184;3.28;0.6;12;7
7.5;0.22;0.32;2.4;0.045;29;100;0.99135;3.08;0.6;11.3;7
6.4;0.23;0.32;1.9;0.038;40;118;0.99074;3.32;0.53;11.8;7
6.1;0.22;0.31;1.4;0.039;40;129;0.99193;3.45;0.59;10.9;5
6.5;0.48;0.02;0.9;0.043;32;99;0.99226;3.14;0.47;9.8;4
6.6;0.23;0.3;4.6;0.06;29;154;0.99142;3.23;0.49;12.2;8
6.4;0.16;0.25;1.4;0.057;21;125;0.99091;3.23;0.44;11.1;7
6.6;0.38;0.36;9.2;0.061;42;214;0.9976;3.31;0.56;9.4;5
7.4;0.16;0.32;1.4;0.065;23;140;0.99134;3.06;0.47;11.4;6
6.4;0.15;0.29;1.8;0.044;21;115;0.99166;3.1;0.38;10.2;5
6.5;0.32;0.3;2.3;0.051;20;127;0.98964;3.13;0.52;12.8;6
6.7;0.12;0.36;2.3;0.039;43;125;0.99229;3.07;0.67;10.1;7
6.6;0.2;0.14;4.4;0.184;35;168;0.99396;2.93;0.45;9.4;6
8;0.34;0.25;6.4;0.035;38;103;0.99148;2.91;0.23;12.2;6
6.8;0.21;0.31;2.9;0.046;40;121;0.9913;3.07;0.65;10.9;7
6.8;0.23;0.31;2.8;0.047;40;122;0.99126;3.06;0.64;10.9;7
6.8;0.21;0.31;2.9;0.046;40;121;0.9913;3.07;0.65;10.9;7
6.6;0.2;0.14;4.4;0.184;35;168;0.99396;2.93;0.45;9.4;6
6.6;0.28;0.42;8.2;0.044;60;196;0.99562;3.14;0.48;9.4;5
7.8;0.25;0.37;1;0.043;10;80;0.99128;3.08;0.38;11.4;5
5.6;0.12;0.33;2.9;0.044;21;73;0.98896;3.17;0.32;12.9;8
6.6;0.28;0.41;7;0.046;59;194;0.99558;3.14;0.48;9.4;5
6.8;0.17;0.35;1.8;0.04;29;84;0.98961;2.91;0.57;12;7
7.3;0.25;0.28;1.5;0.043;19;113;0.99338;3.38;0.56;10.1;6
6.6;0.28;0.41;7;0.046;59;194;0.99558;3.14;0.48;9.4;5
6.6;0.28;0.42;8.2;0.044;60;196;0.99562;3.14;0.48;9.4;5
6.5;0.25;0.5;7.6;0.047;54;184;0.99572;3.17;0.45;9.2;5
6.3;0.24;0.35;2.3;0.039;43;109;0.99056;3.34;0.44;11.8;6